6583,40,1,17,1,11/1/2009 0:00
6584,40,1,17,2,12/31/2009 0:00
6585,40,1,17,3,11/1/2009 0:00
6586,40,1,17,5,11/1/2009 0:00
6587,40,1,17,6,12/31/2009 0:00
6588,40,1,14,1,12/31/2009 0:00
6589,40,1,14,2,12/31/2009 0:00
6590,40,1,14,5,12/31/2009 0:00
6591,40,1,14,6,12/31/2009 0:00
6592,40,1,1,1,12/31/2009 0:00
6593,40,1,1,2,1/15/2010 0:00
6594,40,1,1,5,12/31/2009 0:00
6595,40,1,1,6,1/15/2010 0:00
6596,40,1,7,1,1/30/2010 0:00
6597,40,1,7,2,3/1/2010 0:00
6598,40,1,7,5,1/15/2010 0:00
6599,40,1,7,6,2/15/2010 0:00
6600,40,1,3,1,3/1/2010 0:00
6601,40,1,3,2,3/7/2010 0:00
6602,40,1,3,5,2/15/2010 0:00
6603,40,1,3,6,2/21/2010 0:00
6604,40,1,4,1,3/7/2010 0:00
6605,40,1,4,2,3/8/2010 0:00
6606,40,1,4,5,2/21/2010 0:00
6607,40,1,4,6,2/22/2010 0:00
6608,40,2,5,1,3/8/2010 0:00
6609,40,2,5,2,4/7/2010 0:00
6610,40,2,5,5,2/23/2010 0:00
6611,40,2,5,6,3/23/2010 0:00
6612,40,2,17,1,3/8/2010 0:00
6613,40,2,17,2,10/23/2010 0:00
6614,40,2,17,5,2/22/2010 0:00
6615,40,2,17,6,10/1/2010 0:00
6616,40,2,16,1,10/23/2010 0:00
6617,40,2,16,2,10/23/2010 0:00
6618,40,2,16,5,10/1/2010 0:00
6619,40,2,16,6,10/1/2010 0:00
6620,40,2,1,1,10/23/2010 0:00
6621,40,2,1,2,11/23/2010 0:00
6622,40,2,1,5,10/1/2010 0:00
6623,40,2,1,6,11/1/2010 0:00
6624,40,2,7,1,11/30/2010 0:00
6625,40,2,7,2,1/29/2011 0:00
6626,40,2,7,5,11/1/2010 0:00
6627,40,2,7,6,1/2/2011 0:00
6628,40,2,3,1,2/21/2011 0:00
6629,40,2,3,2,3/23/2011 0:00
6630,40,2,3,5,2/2/2011 0:00
6631,40,2,3,6,3/4/2011 0:00
6632,40,2,4,1,3/23/2011 0:00
6633,40,2,4,2,3/30/2011 0:00
6634,40,2,4,5,3/4/2011 0:00
6635,40,2,4,6,3/11/2011 0:00
6636,40,3,11,1,3/30/2011 0:00
6637,40,3,11,2,5/29/2011 0:00
6638,40,3,11,5,3/11/2011 0:00
6639,40,3,11,6,5/11/2011 0:00
6640,40,3,17,1,3/30/2011 0:00
6641,40,3,17,2,8/27/2011 0:00
6642,40,3,17,5,3/11/2011 0:00
6643,40,3,17,6,8/11/2011 0:00
6644,40,3,15,1,8/27/2011 0:00
6645,40,3,15,2,8/27/2011 0:00
6646,40,3,15,5,8/11/2011 0:00
6647,40,3,15,6,8/11/2011 0:00
6648,40,3,1,1,8/27/2011 0:00
6649,40,3,1,2,9/16/2011 0:00
6650,40,3,1,5,8/11/2011 0:00
6651,40,3,1,6,9/1/2011 0:00
6652,40,3,7,1,9/23/2011 0:00
6653,40,3,7,2,10/23/2011 0:00
6654,40,3,7,5,9/1/2011 0:00
6655,40,3,7,6,10/1/2011 0:00
6656,40,3,10,1,10/28/2011 0:00
6657,40,3,10,2,1/26/2012 0:00
6658,40,3,10,5,10/5/2011 0:00
6659,40,3,10,6,1/3/2012 0:00
6660,40,3,2,1,2/2/2012 0:00
6661,40,3,2,2,3/3/2012 0:00
6662,40,3,2,5,1/7/2012 0:00
6663,40,3,2,6,2/6/2012 0:00
6664,40,3,4,1,3/3/2012 0:00
6665,40,3,4,2,3/9/2012 0:00
6666,40,3,4,5,2/6/2012 0:00
6667,40,3,4,6,2/14/2012 0:00
6668,40,4,8,1,3/9/2012 0:00
6669,40,4,8,2,5/8/2012 0:00
6670,40,4,8,5,2/14/2012 0:00
6671,40,4,8,6,4/14/2012 0:00
6672,40,4,17,1,3/9/2012 0:00
6673,40,4,17,2,6/7/2012 0:00
6674,40,4,17,5,2/14/2012 0:00
6675,40,4,17,6,5/14/2012 0:00
6676,40,4,13,1,6/7/2012 0:00
6677,40,4,13,2,6/7/2012 0:00
6678,40,4,13,5,5/14/2012 0:00
6679,40,4,13,6,5/14/2012 0:00
6680,40,4,1,1,6/7/2012 0:00
6681,40,4,1,2,6/27/2012 0:00
6682,40,4,1,5,5/14/2012 0:00
6683,40,4,1,6,6/7/2012 0:00
6684,40,4,7,1,7/4/2012 0:00
6685,40,4,7,2,8/3/2012 0:00
6686,40,4,7,5,6/7/2012 0:00
6687,40,4,7,6,7/7/2012 0:00
6688,40,4,10,1,8/10/2012 0:00
6689,40,4,10,2,11/8/2012 0:00
6690,40,4,10,5,7/14/2012 0:00
6691,40,4,10,6,10/12/2012 0:00
6692,40,4,2,1,11/15/2012 0:00
6693,40,4,2,2,12/15/2012 0:00
6694,40,4,2,5,10/19/2012 0:00
6695,40,4,2,6,11/19/2012 0:00
6696,40,4,4,1,12/15/2012 0:00
6697,40,4,4,2,12/21/2012 0:00
6698,40,4,4,5,11/19/2012 0:00
6699,40,4,4,6,12/21/2012 0:00
6700,25,1,17,1,1/23/2008 0:00
6701,25,1,17,2,4/2/2008 0:00
6702,25,1,17,3,1/23/2008 0:00
6703,25,1,17,4,4/2/2008 0:00
6704,25,1,14,1,4/16/2008 0:00
6705,25,1,14,2,4/16/2008 0:00
6706,25,1,14,3,4/16/2008 0:00
6707,25,1,14,4,4/16/2008 0:00
6708,25,1,1,1,4/16/2008 0:00
6709,25,1,1,2,4/30/2008 0:00
6710,25,1,1,3,4/16/2008 0:00
6711,25,1,1,4,4/30/2008 0:00
6712,25,1,7,1,4/30/2008 0:00
6713,25,1,7,2,6/2/2008 0:00
6714,25,1,7,3,4/30/2008 0:00
6715,25,1,7,4,6/2/2008 0:00
6716,25,1,3,3,4/29/2008 0:00
6717,25,1,3,4,6/2/2008 0:00
6718,25,1,4,1,6/2/2008 0:00
6719,25,1,4,2,6/6/2008 0:00
6720,25,1,4,3,6/2/2008 0:00
6721,25,1,4,4,6/6/2008 0:00
6722,25,1,6,1,6/12/2008 0:00
6723,25,1,6,2,6/12/2008 0:00
6724,25,1,6,3,6/12/2008 0:00
6725,25,1,6,4,6/12/2008 0:00
6726,25,2,5,1,6/6/2008 0:00
6727,25,2,5,2,7/31/2008 0:00
6728,25,2,5,3,6/6/2008 0:00
6729,25,2,5,4,7/31/2008 0:00
6730,25,2,17,1,6/12/2008 0:00
6731,25,2,17,2,3/29/2009 0:00
6732,25,2,16,1,3/29/2009 0:00
6733,25,2,16,2,3/29/2009 0:00
6734,25,2,1,1,3/29/2009 0:00
6735,25,2,1,2,4/14/2009 0:00
6736,25,2,1,3,9/22/2009 0:00
6737,25,2,1,6,12/7/2009 0:00
6738,25,2,7,1,4/28/2009 0:00
6739,25,2,7,2,5/28/2009 0:00
6740,25,2,7,5,12/7/2009 0:00
6741,25,2,7,6,1/6/2010 0:00
6742,25,2,3,1,7/27/2009 0:00
6743,25,2,3,2,8/26/2009 0:00
6744,25,2,3,5,1/6/2010 0:00
6745,25,2,3,6,1/12/2010 0:00
6746,25,2,4,1,8/26/2009 0:00
6747,25,2,4,2,9/2/2009 0:00
6748,25,2,4,5,1/12/2010 0:00
6749,25,2,4,6,1/29/2010 0:00
6750,25,2,12,1,10/17/2009 0:00
6751,25,2,12,2,10/17/2009 0:00
6752,25,2,12,5,2/8/2010 0:00
6753,25,2,12,6,2/8/2010 0:00
6754,25,3,11,1,9/2/2009 0:00
6755,25,3,11,2,11/16/2009 0:00
6756,25,3,11,5,1/29/2010 0:00
6757,25,3,11,6,3/30/2010 0:00
6758,25,3,17,1,10/17/2009 0:00
6759,25,3,17,2,4/5/2010 0:00
6760,25,3,17,5,2/8/2010 0:00
6761,25,3,17,6,6/1/2010 0:00
6762,25,3,15,1,4/5/2010 0:00
6763,25,3,15,2,4/5/2010 0:00
6764,25,3,15,5,6/1/2010 0:00
6765,25,3,15,6,6/1/2010 0:00
6766,25,3,1,1,4/5/2010 0:00
6767,25,3,1,2,4/28/2010 0:00
6768,25,3,1,5,6/1/2010 0:00
6769,25,3,1,6,6/10/2010 0:00
6770,25,3,7,1,5/5/2010 0:00
6771,25,3,7,2,7/4/2010 0:00
6772,25,3,7,5,6/10/2010 0:00
6773,25,3,7,6,6/30/2010 0:00
6774,25,3,10,1,7/4/2010 0:00
6775,25,3,10,2,10/2/2010 0:00
6776,25,3,10,5,6/30/2010 0:00
6777,25,3,10,6,7/30/2010 0:00
6778,25,3,2,1,9/2/2010 0:00
6779,25,3,2,2,10/2/2010 0:00
6780,25,3,2,5,7/30/2010 0:00
6781,25,3,2,6,8/29/2010 0:00
6782,25,3,4,1,10/2/2010 0:00
6783,25,3,4,2,10/9/2010 0:00
6784,25,3,4,5,8/30/2010 0:00
6785,25,3,4,6,9/1/2010 0:00
6786,25,3,9,1,11/23/2010 0:00
6787,25,3,9,2,11/23/2010 0:00
6788,25,3,9,5,10/1/2010 0:00
6789,25,3,9,6,10/1/2010 0:00
6790,25,4,8,1,10/9/2010 0:00
6791,25,4,8,2,12/23/2010 0:00
6792,25,4,8,5,9/1/2010 0:00
6793,25,4,8,6,11/15/2010 0:00
6794,25,4,17,1,11/23/2010 0:00
6795,25,4,17,2,2/3/2011 0:00
6796,25,4,17,5,10/1/2010 0:00
6797,25,4,17,6,12/29/2010 0:00
6798,25,4,13,1,2/3/2011 0:00
6799,25,4,13,2,2/3/2011 0:00
6800,25,4,13,5,12/29/2010 0:00
6801,25,4,13,6,12/29/2010 0:00
6802,25,4,1,1,2/3/2011 0:00
6803,25,4,1,2,2/17/2011 0:00
6804,25,4,1,5,12/29/2010 0:00
6805,25,4,1,6,1/28/2011 0:00
6806,25,4,7,1,2/23/2011 0:00
6807,25,4,7,2,3/25/2011 0:00
6808,25,4,7,5,1/28/2011 0:00
6809,25,4,7,6,2/27/2011 0:00
6810,25,4,10,1,3/25/2011 0:00
6811,25,4,10,2,6/23/2011 0:00
6812,25,4,10,5,2/27/2011 0:00
6813,25,4,10,6,5/28/2011 0:00
6814,25,4,2,1,5/24/2011 0:00
6815,25,4,2,2,6/23/2011 0:00
6816,25,4,2,5,5/28/2011 0:00
6817,25,4,2,6,6/27/2011 0:00
6818,25,4,4,1,6/23/2011 0:00
6819,25,4,4,2,6/30/2011 0:00
6820,25,4,4,5,6/28/2011 0:00
6821,25,4,4,6,6/30/2011 0:00
6822,15,3,17,3,5/1/2009 0:00
6823,15,3,17,4,7/20/2009 0:00
6824,15,3,15,1,5/11/2009 0:00
6825,15,3,15,2,5/11/2009 0:00
6826,15,3,15,3,7/20/2009 0:00
6827,15,3,15,4,7/20/2009 0:00
6828,15,3,1,1,5/11/2009 0:00
6829,15,3,1,2,5/26/2009 0:00
6830,15,3,1,3,7/20/2009 0:00
6831,15,3,1,4,8/20/2009 0:00
6832,15,3,7,1,6/9/2009 0:00
6833,15,3,7,2,7/8/2009 0:00
6834,15,3,7,3,9/18/2009 0:00
6835,15,3,7,6,1/6/2010 0:00
6836,15,3,2,1,7/24/2009 0:00
6837,15,3,2,2,8/24/2009 0:00
6838,15,3,2,5,1/6/2010 0:00
6839,15,3,2,6,1/12/2010 0:00
6840,15,3,4,1,8/24/2009 0:00
6841,15,3,4,2,9/2/2009 0:00
6842,15,3,4,5,1/12/2010 0:00
6843,15,3,4,6,1/29/2010 0:00
6844,15,3,9,1,10/15/2009 0:00
6845,15,3,9,2,10/15/2009 0:00
6846,15,3,9,5,2/5/2010 0:00
6847,15,3,9,6,2/5/2010 0:00
6848,15,4,8,1,9/2/2009 0:00
6849,15,4,8,2,11/2/2009 0:00
6850,15,4,8,5,12/15/2009 0:00
6851,15,4,8,6,2/28/2010 0:00
6852,15,4,17,1,10/15/2009 0:00
6853,15,4,17,2,4/16/2010 0:00
6854,15,4,17,5,2/5/2010 0:00
6855,15,4,17,6,5/11/2010 0:00
6856,15,4,13,1,4/16/2010 0:00
6857,15,4,13,2,4/16/2010 0:00
6858,15,4,13,5,5/11/2010 0:00
6859,15,4,13,6,5/11/2010 0:00
6860,15,4,1,1,4/16/2010 0:00
6861,15,4,1,2,5/10/2010 0:00
6862,15,4,1,5,5/11/2010 0:00
6863,15,4,1,6,6/10/2010 0:00
6864,15,4,7,1,5/25/2010 0:00
6865,15,4,7,2,7/15/2010 0:00
6866,15,4,7,5,6/11/2010 0:00
6867,15,4,7,6,7/11/2010 0:00
6868,15,4,2,1,8/17/2010 0:00
6869,15,4,2,2,9/15/2010 0:00
6870,15,4,2,5,9/14/2010 0:00
6871,15,4,2,6,10/14/2010 0:00
6872,15,4,4,1,9/15/2010 0:00
6873,15,4,4,2,10/1/2010 0:00
6874,15,4,4,5,10/25/2010 0:00
6875,15,4,4,6,10/29/2010 0:00
6876,21,2,17,1,8/24/2009 0:00
6877,21,2,17,2,11/16/2009 0:00
6878,21,2,17,3,8/24/2009 0:00
6879,21,2,17,4,11/16/2009 0:00
6880,21,2,17,5,8/24/2009 0:00
6881,21,2,17,6,11/16/2009 0:00
6882,21,2,16,1,11/16/2009 0:00
6883,21,2,16,2,11/16/2009 0:00
6884,21,2,16,3,11/16/2009 0:00
6885,21,2,16,4,11/16/2009 0:00
6886,21,2,16,5,11/16/2009 0:00
6887,21,2,16,6,11/16/2009 0:00
6888,21,2,1,1,11/16/2009 0:00
6889,21,2,1,2,12/4/2009 0:00
6890,21,2,1,3,11/18/2009 0:00
6891,21,2,1,5,11/16/2009 0:00
6892,21,2,1,6,12/7/2009 0:00
6893,21,2,7,1,12/14/2009 0:00
6894,21,2,7,2,1/15/2010 0:00
6895,21,2,7,5,12/7/2009 0:00
6896,21,2,7,6,1/22/2010 0:00
6897,21,2,3,1,1/18/2010 0:00
6898,21,2,3,2,1/22/2010 0:00
6899,21,2,3,5,1/22/2010 0:00
6900,21,2,3,6,1/26/2010 0:00
6901,21,2,4,1,1/22/2010 0:00
6902,21,2,4,2,2/5/2010 0:00
6903,21,2,4,5,1/26/2010 0:00
6904,21,2,4,6,2/5/2010 0:00
6905,21,3,17,1,2/18/2010 0:00
6906,21,3,17,2,7/19/2010 0:00
6907,21,3,17,5,2/28/2010 0:00
6908,21,3,17,6,7/19/2010 0:00
6909,21,3,15,1,7/19/2010 0:00
6910,21,3,15,2,7/19/2010 0:00
6911,21,3,15,5,7/19/2010 0:00
6912,21,3,15,6,7/19/2010 0:00
6913,21,3,1,1,7/19/2010 0:00
6914,21,3,1,2,7/30/2010 0:00
6915,21,3,1,5,7/19/2010 0:00
6916,21,3,1,6,7/30/2010 0:00
6917,21,3,7,1,8/9/2010 0:00
6918,21,3,7,2,9/10/2010 0:00
6919,21,3,7,5,7/30/2010 0:00
6920,21,3,7,6,8/30/2010 0:00
6921,21,3,10,1,8/12/2010 0:00
6922,21,3,10,2,9/10/2010 0:00
6923,21,3,10,5,8/3/2010 0:00
6924,21,3,10,6,9/3/2010 0:00
6925,21,3,2,1,9/13/2010 0:00
6926,21,3,2,2,9/17/2010 0:00
6927,21,3,2,5,9/6/2010 0:00
6928,21,3,2,6,9/10/2010 0:00
6929,21,3,4,1,9/17/2010 0:00
6930,21,3,4,2,10/1/2010 0:00
6931,21,3,4,5,9/10/2010 0:00
6932,21,3,4,6,9/24/2010 0:00
6933,21,3,9,1,10/28/2010 0:00
6934,21,3,9,2,10/28/2010 0:00
6935,21,3,9,5,10/21/2010 0:00
6936,21,3,9,6,10/21/2010 0:00
6937,21,4,17,1,10/28/2010 0:00
6938,21,4,17,2,3/7/2011 0:00
6939,21,4,17,5,10/21/2010 0:00
6940,21,4,17,6,3/7/2011 0:00
6941,21,4,13,1,3/7/2011 0:00
6942,21,4,13,2,3/7/2011 0:00
6943,21,4,13,5,3/7/2011 0:00
6944,21,4,13,6,3/7/2011 0:00
6945,21,4,1,1,3/7/2011 0:00
6946,21,4,1,2,3/18/2011 0:00
6947,21,4,1,5,3/7/2011 0:00
6948,21,4,1,6,3/18/2011 0:00
6949,21,4,7,1,3/25/2011 0:00
6950,21,4,7,2,4/22/2011 0:00
6951,21,4,7,5,3/18/2011 0:00
6952,21,4,7,6,4/16/2011 0:00
6953,21,4,10,1,3/31/2011 0:00
6954,21,4,10,2,4/22/2011 0:00
6955,21,4,10,5,3/25/2011 0:00
6956,21,4,10,6,4/16/2011 0:00
6957,21,4,2,1,4/25/2011 0:00
6958,21,4,2,2,4/29/2011 0:00
6959,21,4,2,5,4/19/2011 0:00
6960,21,4,2,6,4/23/2011 0:00
6961,21,4,4,1,4/29/2011 0:00
6962,21,4,4,2,5/13/2011 0:00
6963,21,4,4,5,4/23/2011 0:00
6964,21,4,4,6,5/7/2011 0:00
6965,29,1,17,1,4/10/2009 0:00
6966,29,1,17,2,8/8/2009 0:00
6967,29,1,17,3,4/10/2009 0:00
6968,29,1,17,4,8/10/2009 0:00
6969,29,1,14,1,8/8/2009 0:00
6970,29,1,14,2,8/8/2009 0:00
6971,29,1,14,3,8/10/2009 0:00
6972,29,1,14,4,8/10/2009 0:00
6973,29,1,1,1,8/8/2009 0:00
6974,29,1,1,2,9/7/2009 0:00
6975,29,1,1,3,8/27/2009 0:00
6976,29,1,1,4,9/14/2009 0:00
6977,29,1,7,1,9/15/2009 0:00
6978,29,1,7,2,10/15/2009 0:00
6979,29,1,7,3,11/9/2009 0:00
6980,29,1,7,6,12/4/2009 0:00
6981,29,1,3,1,10/16/2009 0:00
6982,29,1,3,2,10/22/2009 0:00
6983,29,1,3,5,12/4/2009 0:00
6984,29,1,3,6,12/8/2009 0:00
6985,29,1,4,1,10/23/2009 0:00
6986,29,1,4,2,10/29/2009 0:00
6987,29,1,4,5,12/8/2009 0:00
6988,29,1,4,6,12/23/2009 0:00
6989,29,1,6,1,11/13/2009 0:00
6990,29,1,6,2,11/13/2009 0:00
6991,29,1,6,5,1/5/2010 0:00
6992,29,1,6,6,1/5/2010 0:00
6993,29,2,5,1,10/29/2009 0:00
6994,29,2,5,2,11/28/2009 0:00
6995,29,2,5,5,12/10/2009 0:00
6996,29,2,5,6,1/9/2010 0:00
6997,29,2,17,1,11/13/2009 0:00
6998,29,2,17,2,4/19/2010 0:00
6999,29,2,17,5,1/5/2010 0:00
7000,29,2,17,6,4/19/2010 0:00
7001,29,2,16,1,4/19/2010 0:00
7002,29,2,16,2,4/19/2010 0:00
7003,29,2,16,5,4/19/2010 0:00
7004,29,2,16,6,4/19/2010 0:00
7005,29,2,1,1,4/19/2010 0:00
7006,29,2,1,2,5/19/2010 0:00
7007,29,2,1,5,4/19/2010 0:00
7008,29,2,1,6,5/19/2010 0:00
7009,29,2,7,1,5/27/2009 0:00
7010,29,2,7,2,6/28/2010 0:00
7011,29,2,7,5,5/20/2010 0:00
7012,29,2,7,6,6/20/2010 0:00
7013,29,2,3,1,6/29/2010 0:00
7014,29,2,3,2,7/5/2010 0:00
7015,29,2,3,5,6/21/2010 0:00
7016,29,2,3,6,6/28/2010 0:00
7017,29,2,4,1,8/3/2010 0:00
7018,29,2,4,2,8/9/2010 0:00
7019,29,2,4,5,7/28/2010 0:00
7020,29,2,4,6,8/3/2010 0:00
7021,29,2,12,1,9/5/2010 0:00
7022,29,2,12,2,9/5/2010 0:00
7023,29,2,12,5,9/5/2010 0:00
7024,29,2,12,6,9/5/2010 0:00
7025,29,3,11,1,8/9/2010 0:00
7026,29,3,11,2,10/8/2010 0:00
7027,29,3,11,5,8/3/2010 0:00
7028,29,3,11,6,10/3/2010 0:00
7029,29,3,17,1,9/5/2010 0:00
7030,29,3,17,2,1/26/2011 0:00
7031,29,3,17,5,9/5/2010 0:00
7032,29,3,17,6,1/20/2011 0:00
7033,29,3,15,1,1/26/2011 0:00
7034,29,3,15,2,1/26/2011 0:00
7035,29,3,15,5,1/20/2011 0:00
7036,29,3,15,6,1/20/2011 0:00
7037,29,3,1,1,1/26/2011 0:00
7038,29,3,1,2,2/25/2011 0:00
7039,29,3,1,5,1/20/2011 0:00
7040,29,3,1,6,2/20/2011 0:00
7041,29,3,7,1,3/7/2011 0:00
7042,29,3,7,2,4/6/2011 0:00
7043,29,3,7,5,2/20/2011 0:00
7044,29,3,7,6,3/22/2011 0:00
7045,29,3,10,1,4/14/2011 0:00
7046,29,3,10,2,5/11/2011 0:00
7047,29,3,10,5,3/22/2011 0:00
7048,29,3,10,6,4/19/2011 0:00
7049,29,3,2,1,5/4/2011 0:00
7050,29,3,2,2,5/11/2011 0:00
7051,29,3,2,5,4/12/2011 0:00
7052,29,3,2,6,4/19/2011 0:00
7053,29,3,4,1,5/25/2011 0:00
7054,29,3,4,2,6/1/2011 0:00
7055,29,3,4,5,4/30/2011 0:00
7056,29,3,4,6,5/7/2011 0:00
7057,29,3,9,1,7/1/2011 0:00
7058,29,3,9,2,7/1/2011 0:00
7059,29,3,9,5,6/7/2011 0:00
7060,29,3,9,6,6/7/2011 0:00
7061,29,4,8,1,6/1/2011 0:00
7062,29,4,8,2,7/31/2011 0:00
7063,29,4,8,5,5/7/2011 0:00
7064,29,4,8,6,7/7/2011 0:00
7065,29,4,17,1,7/1/2011 0:00
7066,29,4,17,2,9/1/2011 0:00
7067,29,4,17,5,6/7/2011 0:00
7068,29,4,17,6,8/9/2011 0:00
7069,29,4,13,1,9/1/2011 0:00
7070,29,4,13,2,9/1/2011 0:00
7071,29,4,13,5,8/9/2011 0:00
7072,29,4,13,6,8/9/2011 0:00
7073,29,4,1,1,9/1/2011 0:00
7074,29,4,1,2,10/3/2011 0:00
7075,29,4,1,5,8/9/2011 0:00
7076,29,4,1,6,9/9/2011 0:00
7077,29,4,7,1,10/11/2011 0:00
7078,29,4,7,2,11/10/2011 0:00
7079,29,4,7,5,9/10/2011 0:00
7080,29,4,7,6,10/10/2011 0:00
7081,29,4,10,1,11/18/2011 0:00
7082,29,4,10,2,12/15/2011 0:00
7083,29,4,10,5,10/18/2011 0:00
7084,29,4,10,6,11/16/2011 0:00
7085,29,4,2,1,12/15/2011 0:00
7086,29,4,2,2,12/22/2011 0:00
7087,29,4,2,5,11/16/2011 0:00
7088,29,4,2,6,11/23/2011 0:00
7089,29,4,4,1,12/23/2011 0:00
7090,29,4,4,2,12/29/2011 0:00
7091,29,4,4,5,11/24/2011 0:00
7092,29,4,4,6,12/29/2011 0:00
7093,22,1,17,1,2/1/2008 0:00
7094,22,1,17,2,3/1/2008 0:00
7095,22,1,17,3,2/1/2008 0:00
7096,22,1,17,4,4/30/2008 0:00
7097,22,1,14,1,3/1/2008 0:00
7098,22,1,14,2,3/1/2008 0:00
7099,22,1,14,3,5/1/2008 0:00
7100,22,1,14,4,5/1/2008 0:00
7101,22,1,1,1,3/1/2008 0:00
7102,22,1,1,2,3/15/2008 0:00
7103,22,1,1,3,5/1/2008 0:00
7104,22,1,1,4,5/14/2008 0:00
7105,22,1,7,1,3/29/2008 0:00
7106,22,1,7,2,5/18/2008 0:00
7107,22,1,7,3,6/16/2008 0:00
7108,22,1,7,4,5/18/2009 0:00
7109,22,1,3,1,5/18/2008 0:00
7110,22,1,3,2,5/25/2008 0:00
7111,22,1,3,3,5/18/2009 0:00
7112,22,1,3,4,5/26/2009 0:00
7113,22,1,4,1,5/25/2008 0:00
7114,22,1,4,2,6/1/2008 0:00
7115,22,1,4,3,5/28/2009 0:00
7116,22,1,4,4,6/4/2009 0:00
7117,22,1,6,1,7/1/2008 0:00
7118,22,1,6,2,7/1/2008 0:00
7119,22,1,6,3,7/16/2009 0:00
7120,22,1,6,4,7/16/2009 0:00
7121,22,2,5,1,6/1/2008 0:00
7122,22,2,5,2,7/1/2008 0:00
7123,22,2,5,3,6/4/2009 8:00
7124,22,2,5,4,7/25/2009 17:00
7125,22,2,17,1,7/1/2008 0:00
7126,22,2,17,2,7/1/2009 0:00
7127,22,2,17,3,6/4/2009 0:00
7128,22,2,17,6,12/4/2009 0:00
7129,22,2,16,1,7/1/2009 0:00
7130,22,2,16,2,7/1/2009 0:00
7131,22,2,16,5,12/4/2009 0:00
7132,22,2,16,6,12/25/2009 17:00
7133,22,2,1,1,7/1/2009 0:00
7134,22,2,1,2,7/15/2009 0:00
7135,22,2,1,5,12/28/2009 8:00
7136,22,2,1,6,1/18/2010 0:00
7137,22,2,7,1,7/30/2009 0:00
7138,22,2,7,2,9/17/2009 0:00
7139,22,2,7,5,1/18/2010 0:00
7140,22,2,7,6,2/12/2010 0:00
7141,22,2,3,1,9/17/2009 0:00
7142,22,2,3,2,9/24/2009 0:00
7143,22,2,3,5,2/12/2010 0:00
7144,22,2,3,6,2/23/2010 0:00
7145,22,2,4,1,9/24/2009 0:00
7146,22,2,4,2,10/1/2009 0:00
7147,22,2,4,5,2/24/2010 0:00
7148,22,2,4,6,2/28/2010 0:00
7149,22,2,12,1,11/1/2009 0:00
7150,22,2,12,2,11/1/2009 0:00
7151,22,2,12,5,4/11/2010 17:00
7152,22,2,12,6,4/11/2010 17:00
7153,22,3,11,1,10/1/2009 0:00
7154,22,3,11,2,11/30/2009 0:00
7155,22,3,11,5,2/28/2010 0:00
7156,22,3,11,6,4/30/2010 0:00
7157,22,3,17,1,11/1/2009 0:00
7158,22,3,17,2,6/1/2010 0:00
7159,22,3,17,5,4/11/2010 17:00
7160,22,3,17,6,8/6/2010 0:00
7161,22,3,15,1,6/1/2010 0:00
7162,22,3,15,2,6/1/2010 0:00
7163,22,3,15,5,8/6/2010 0:00
7164,22,3,15,6,8/19/2010 0:00
7165,22,3,1,1,6/1/2010 0:00
7166,22,3,1,2,6/15/2010 0:00
7167,22,3,1,5,8/20/2010 0:00
7168,22,3,1,6,9/10/2010 0:00
7169,22,3,7,1,6/30/2010 0:00
7170,22,3,7,2,8/18/2010 0:00
7171,22,3,7,5,9/10/2010 0:00
7172,22,3,7,6,10/8/2010 0:00
7173,22,3,10,1,6/30/2010 0:00
7174,22,3,10,2,8/25/2010 0:00
7175,22,3,10,5,10/8/2010 0:00
7176,22,3,10,6,11/7/2010 0:00
7177,22,3,2,1,8/18/2010 0:00
7178,22,3,2,2,8/25/2010 0:00
7179,22,3,2,5,11/15/2010 0:00
7180,22,3,2,6,11/28/2010 0:00
7181,22,3,4,1,8/25/2010 0:00
7182,22,3,4,2,9/1/2010 0:00
7183,22,3,4,5,11/30/2010 0:00
7184,22,3,4,6,12/5/2010 0:00
7185,22,3,9,1,9/1/2010 0:00
7186,22,3,9,2,9/1/2010 0:00
7187,22,3,9,5,1/13/2011 17:00
7188,22,3,9,6,1/13/2011 17:00
7189,22,4,8,1,9/1/2010 0:00
7190,22,4,8,2,10/31/2010 0:00
7191,22,4,8,5,12/5/2010 0:00
7192,22,4,8,6,2/3/2011 0:00
7193,22,4,17,1,9/1/2010 0:00
7194,22,4,17,2,2/1/2011 0:00
7195,22,4,17,5,1/13/2011 17:00
7196,22,4,17,6,3/1/2011 0:00
7197,22,4,13,1,2/1/2011 0:00
7198,22,4,13,2,2/1/2011 0:00
7199,22,4,13,5,3/1/2011 0:00
7200,22,4,13,6,3/5/2011 0:00
7201,22,4,1,1,2/1/2011 0:00
7202,22,4,1,2,2/15/2011 0:00
7203,22,4,1,5,3/5/2011 0:00
7204,22,4,1,6,3/25/2011 0:00
7205,22,4,7,1,3/1/2011 0:00
7206,22,4,7,2,5/1/2011 0:00
7207,22,4,7,5,3/25/2011 0:00
7208,22,4,7,6,4/20/2011 0:00
7209,22,4,10,1,3/1/2011 0:00
7210,22,4,10,2,5/15/2011 0:00
7211,22,4,10,5,4/24/2011 0:00
7212,22,4,10,6,5/20/2011 0:00
7213,22,4,2,1,5/1/2011 0:00
7214,22,4,2,2,5/15/2011 0:00
7215,22,4,2,5,5/21/2011 0:00
7216,22,4,2,6,6/1/2011 0:00
7217,22,4,4,1,5/15/2011 0:00
7218,22,4,4,2,6/1/2011 0:00
7219,22,4,4,5,6/1/2011 0:00
7220,22,4,4,6,6/24/2011 17:00
7221,14,3,17,1,7/1/2009 0:00
7222,14,3,17,2,7/9/2009 0:00
7223,14,3,17,3,7/1/2009 0:00
7224,14,3,17,4,10/13/2009 0:00
7225,14,3,15,1,7/9/2009 0:00
7226,14,3,15,2,7/9/2009 0:00
7227,14,3,15,3,10/13/2009 0:00
7228,14,3,15,4,11/13/2009 0:00
7229,14,3,1,1,7/9/2009 0:00
7230,14,3,1,2,7/23/2009 0:00
7231,14,3,1,3,11/13/2009 0:00
7232,14,3,1,4,11/25/2009 0:00
7233,14,3,7,1,8/1/2009 0:00
7234,14,3,7,2,9/17/2009 0:00
7235,14,3,7,3,11/25/2009 0:00
7236,14,3,7,6,1/8/2010 0:00
7237,14,3,2,1,9/17/2009 0:00
7238,14,3,2,2,9/24/2009 0:00
7239,14,3,2,5,1/8/2010 0:00
7240,14,3,2,6,1/12/2010 0:00
7241,14,3,4,1,9/24/2009 0:00
7242,14,3,4,2,10/1/2009 0:00
7243,14,3,4,5,1/12/2010 0:00
7244,14,3,4,6,1/29/2010 0:00
7245,14,3,9,1,10/1/2009 0:00
7246,14,3,9,2,10/1/2009 0:00
7247,14,3,9,5,2/28/2010 0:00
7248,14,3,9,6,2/28/2010 0:00
7249,14,4,8,1,10/1/2009 0:00
7250,14,4,8,2,12/15/2009 0:00
7251,14,4,8,5,1/29/2010 0:00
7252,14,4,8,6,4/14/2010 0:00
7253,14,4,17,1,10/1/2009 0:00
7254,14,4,17,2,5/1/2010 0:00
7255,14,4,17,5,2/28/2010 0:00
7256,14,4,17,6,5/12/2010 0:00
7257,14,4,13,1,5/1/2010 0:00
7258,14,4,13,2,5/1/2010 0:00
7259,14,4,13,5,5/12/2010 0:00
7260,14,4,13,6,6/12/2010 0:00
7261,14,4,1,1,5/1/2010 0:00
7262,14,4,1,2,5/15/2010 0:00
7263,14,4,1,5,5/13/2010 0:00
7264,14,4,1,6,7/7/2010 0:00
7265,14,4,7,1,5/30/2010 0:00
7266,14,4,7,2,7/18/2010 0:00
7267,14,4,7,5,7/22/2010 0:00
7268,14,4,7,6,9/15/2010 0:00
7269,14,4,2,1,7/18/2010 0:00
7270,14,4,2,2,7/25/2010 0:00
7271,14,4,2,5,9/16/2010 0:00
7272,14,4,2,6,9/29/2010 0:00
7273,14,4,4,1,7/25/2010 0:00
7274,14,4,4,2,8/1/2010 0:00
7275,14,4,4,5,9/30/2010 0:00
7276,14,4,4,6,10/13/2010 0:00
7277,8,3,17,1,4/1/2008 0:00
7278,8,3,17,2,11/1/2008 0:00
7279,8,3,17,3,8/1/2008 0:00
7280,8,3,17,4,11/1/2008 0:00
7281,8,3,15,1,11/1/2008 0:00
7282,8,3,15,2,11/1/2008 0:00
7283,8,3,15,3,11/1/2008 0:00
7284,8,3,15,4,3/30/2009 0:00
7285,8,3,1,1,11/1/2008 0:00
7286,8,3,1,2,11/13/2008 0:00
7287,8,3,1,3,3/30/2009 0:00
7288,8,3,1,4,7/29/2009 0:00
7289,8,3,7,1,11/20/2008 0:00
7290,8,3,7,2,12/20/2008 0:00
7291,8,3,7,3,8/19/2009 0:00
7292,8,3,7,4,10/5/2009 0:00
7293,8,3,2,1,12/20/2008 0:00
7294,8,3,2,2,1/2/2009 0:00
7295,8,3,2,3,10/5/2009 0:00
7296,8,3,2,4,10/23/2009 0:00
7297,8,3,4,1,1/2/2009 0:00
7298,8,3,4,2,1/9/2009 0:00
7299,8,3,4,3,10/26/2009 0:00
7300,8,3,4,4,11/3/2009 0:00
7301,8,4,8,1,1/9/2009 0:00
7302,8,4,8,2,3/10/2009 0:00
7303,8,4,8,3,11/3/2009 0:00
7304,8,4,8,6,12/18/2009 0:00
7305,8,4,17,1,1/9/2009 0:00
7306,8,4,17,2,7/1/2009 0:00
7307,8,4,17,3,11/3/2009 0:00
7308,8,4,17,6,2/1/2010 8:00
7309,8,4,13,1,7/1/2009 0:00
7310,8,4,13,2,7/1/2009 0:00
7311,8,4,13,5,2/1/2010 8:00
7312,8,4,13,6,2/5/2010 17:00
7313,8,4,1,1,7/1/2009 0:00
7314,8,4,1,2,7/15/2009 0:00
7315,8,4,1,5,2/8/2010 8:00
7316,8,4,1,6,2/19/2010 17:00
7317,8,4,7,1,7/29/2009 0:00
7318,8,4,7,2,9/17/2009 0:00
7319,8,4,7,5,2/19/2010 0:00
7320,8,4,7,6,3/22/2010 0:00
7321,8,4,2,1,9/17/2009 0:00
7322,8,4,2,2,9/24/2009 0:00
7323,8,4,2,5,3/25/2010 0:00
7324,8,4,2,6,4/5/2010 0:00
7325,8,4,4,1,9/24/2009 0:00
7326,8,4,4,2,10/1/2009 0:00
7327,8,4,4,5,4/5/2010 0:00
7328,8,4,4,6,4/23/2010 17:00
7329,17,1,17,1,1/1/2008 0:00
7330,17,1,17,2,4/1/2008 0:00
7331,17,1,17,4,6/4/2008 0:00
7332,17,1,14,1,4/1/2008 0:00
7333,17,1,14,2,4/1/2008 0:00
7334,17,1,14,3,4/29/2008 0:00
7335,17,1,14,4,4/29/2008 0:00
7336,17,1,1,1,4/1/2008 0:00
7337,17,1,1,2,4/8/2008 0:00
7338,17,1,1,3,5/9/2008 0:00
7339,17,1,1,4,6/3/2008 0:00
7340,17,1,7,1,4/15/2008 0:00
7341,17,1,7,2,5/15/2008 0:00
7342,17,1,7,3,6/25/2008 0:00
7343,17,1,7,4,9/18/2008 0:00
7344,17,1,3,1,5/15/2008 0:00
7345,17,1,3,2,5/22/2008 0:00
7346,17,1,3,3,6/17/2008 0:00
7347,17,1,3,4,9/12/2008 0:00
7348,17,1,4,1,5/22/2008 0:00
7349,17,1,4,2,5/29/2008 0:00
7350,17,1,4,3,9/12/2008 0:00
7351,17,1,4,4,9/18/2008 0:00
7352,17,1,6,1,6/18/2008 0:00
7353,17,1,6,2,6/18/2008 0:00
7354,17,1,6,3,9/29/2008 0:00
7355,17,1,6,4,9/29/2008 0:00
7356,17,2,5,1,5/29/2008 0:00
7357,17,2,5,2,6/28/2008 0:00
7358,17,2,5,3,9/18/2008 0:00
7359,17,2,5,4,10/20/2008 0:00
7360,17,2,17,1,6/18/2008 0:00
7361,17,2,17,2,1/6/2009 0:00
7362,17,2,17,3,9/18/2008 0:00
7363,17,2,17,4,5/6/2009 0:00
7364,17,2,16,1,1/6/2009 0:00
7365,17,2,16,2,1/6/2009 0:00
7366,17,2,16,3,5/6/2009 0:00
7367,17,2,16,4,5/6/2009 0:00
7368,17,2,1,1,1/6/2009 0:00
7369,17,2,1,2,1/30/2009 0:00
7370,17,2,1,3,5/6/2009 0:00
7371,17,2,1,4,6/8/2009 0:00
7372,17,2,7,1,2/6/2009 0:00
7373,17,2,7,2,5/1/2009 0:00
7374,17,2,7,3,6/22/2009 0:00
7375,17,2,7,4,11/9/2009 0:00
7376,17,2,3,1,5/1/2009 0:00
7377,17,2,3,2,5/8/2009 0:00
7378,17,2,3,3,11/9/2009 0:00
7379,17,2,3,4,11/9/2009 0:00
7380,17,2,4,1,5/8/2009 0:00
7381,17,2,4,2,5/15/2009 0:00
7382,17,2,4,3,11/9/2009 0:00
7383,17,2,4,4,11/16/2009 0:00
7384,17,2,12,5,12/10/2009 0:00
7385,17,2,12,6,12/10/2009 0:00
7386,17,3,11,1,5/15/2009 0:00
7387,17,3,11,2,7/14/2009 0:00
7388,17,3,11,5,11/16/2009 0:00
7389,17,3,11,6,1/15/2010 0:00
7390,17,3,17,1,5/15/2009 0:00
7391,17,3,17,2,2/12/2010 0:00
7392,17,3,17,5,12/10/2009 0:00
7393,17,3,17,6,4/4/2010 0:00
7394,17,3,15,1,2/12/2010 0:00
7395,17,3,15,2,2/12/2010 0:00
7396,17,3,15,5,4/4/2010 0:00
7397,17,3,15,6,4/4/2010 0:00
7398,17,3,1,1,2/12/2010 0:00
7399,17,3,1,2,2/26/2010 0:00
7400,17,3,1,5,4/4/2010 0:00
7401,17,3,1,6,4/25/2010 0:00
7402,17,3,7,1,3/12/2010 0:00
7403,17,3,7,2,5/11/2010 0:00
7404,17,3,7,5,4/25/2010 0:00
7405,17,3,7,6,5/25/2010 0:00
7406,17,3,10,1,3/12/2010 0:00
7407,17,3,10,2,5/18/2010 0:00
7408,17,3,10,5,5/25/2010 0:00
7409,17,3,10,6,6/1/2010 0:00
7410,17,3,2,1,5/11/2010 0:00
7411,17,3,2,2,5/18/2010 0:00
7412,17,3,2,5,6/1/2010 0:00
7413,17,3,2,6,6/8/2010 0:00
7414,17,3,4,1,5/18/2010 0:00
7415,17,3,4,2,5/25/2010 0:00
7416,17,3,4,5,6/8/2010 0:00
7417,17,3,4,6,6/15/2010 0:00
7418,17,3,9,1,7/3/2010 0:00
7419,17,3,9,2,7/3/2010 0:00
7420,17,3,9,5,6/29/2010 0:00
7421,17,3,9,6,6/29/2010 0:00
7422,17,4,8,1,5/25/2010 0:00
7423,17,4,8,2,7/24/2010 0:00
7424,17,4,8,5,6/15/2010 0:00
7425,17,4,8,6,8/14/2010 0:00
7426,17,4,17,1,7/3/2010 0:00
7427,17,4,17,2,9/13/2010 0:00
7428,17,4,17,5,6/29/2010 0:00
7429,17,4,17,6,10/4/2010 0:00
7430,17,4,13,1,9/13/2010 0:00
7431,17,4,13,2,9/13/2010 0:00
7432,17,4,13,5,10/4/2010 0:00
7433,17,4,13,6,10/4/2010 0:00
7434,17,4,1,1,9/13/2010 0:00
7435,17,4,1,2,9/27/2010 0:00
7436,17,4,1,5,10/4/2010 0:00
7437,17,4,1,6,11/5/2010 0:00
7438,17,4,7,1,10/11/2010 0:00
7439,17,4,7,2,12/10/2010 0:00
7440,17,4,7,5,11/5/2010 0:00
7441,17,4,7,6,12/10/2010 0:00
7442,17,4,10,1,10/11/2010 0:00
7443,17,4,10,2,12/20/2010 0:00
7444,17,4,10,5,12/10/2010 0:00
7445,17,4,10,6,12/17/2010 0:00
7446,17,4,2,1,12/10/2010 0:00
7447,17,4,2,2,12/20/2010 0:00
7448,17,4,2,5,12/17/2010 0:00
7449,17,4,2,6,12/24/2010 0:00
7450,17,4,4,1,12/20/2010 0:00
7451,17,4,4,2,12/31/2010 0:00
7452,17,4,4,5,12/24/2010 0:00
7453,17,4,4,6,12/31/2010 0:00
7454,10,3,17,1,9/1/2008 0:00
7455,10,3,17,2,3/3/2009 0:00
7456,10,3,17,3,9/1/2008 0:00
7457,10,3,17,4,1/30/2009 0:00
7458,10,3,15,1,3/3/2009 0:00
7459,10,3,15,2,3/3/2009 0:00
7460,10,3,15,3,1/30/2009 0:00
7461,10,3,15,4,1/30/2009 0:00
7462,10,3,1,1,3/3/2009 0:00
7463,10,3,1,2,3/17/2009 0:00
7464,10,3,1,3,2/24/2009 0:00
7465,10,3,1,4,7/29/2009 0:00
7466,10,3,7,1,3/31/2009 0:00
7467,10,3,7,2,6/16/2009 0:00
7468,10,3,7,3,8/19/2009 0:00
7469,10,3,7,6,12/17/2009 0:00
7470,10,3,2,1,6/16/2009 0:00
7471,10,3,2,2,6/23/2009 0:00
7472,10,3,2,5,12/17/2009 0:00
7473,10,3,2,6,12/18/2009 0:00
7474,10,3,4,1,6/23/2009 0:00
7475,10,3,4,2,6/30/2009 0:00
7476,10,3,4,5,12/18/2009 0:00
7477,10,3,4,6,12/25/2009 0:00
7478,10,3,9,5,1/8/2010 0:00
7479,10,3,9,6,1/8/2010 0:00
7480,10,4,8,1,6/30/2009 0:00
7481,10,4,8,2,9/13/2009 0:00
7482,10,4,8,5,12/25/2009 0:00
7483,10,4,8,6,3/10/2010 0:00
7484,10,4,17,1,6/30/2009 0:00
7485,10,4,17,2,9/2/2009 0:00
7486,10,4,17,5,1/8/2010 0:00
7487,10,4,17,6,3/14/2010 0:00
7488,10,4,13,1,9/2/2009 0:00
7489,10,4,13,2,9/2/2009 0:00
7490,10,4,13,5,3/14/2010 0:00
7491,10,4,13,6,3/14/2010 0:00
7492,10,4,1,1,9/2/2009 0:00
7493,10,4,1,2,9/16/2009 0:00
7494,10,4,1,5,3/14/2010 0:00
7495,10,4,1,6,4/20/2010 0:00
7496,10,4,7,1,9/30/2009 0:00
7497,10,4,7,2,12/13/2009 0:00
7498,10,4,7,5,4/20/2010 0:00
7499,10,4,7,6,5/27/2010 0:00
7500,10,4,2,1,12/13/2009 0:00
7501,10,4,2,2,12/20/2009 0:00
7502,10,4,2,5,5/27/2010 0:00
7503,10,4,2,6,6/10/2010 0:00
7504,10,4,4,1,12/20/2009 0:00
7505,10,4,4,2,12/31/2009 0:00
7506,10,4,4,5,6/10/2010 0:00
7507,10,4,4,6,6/17/2010 0:00
7508,30,1,17,3,7/20/2008 0:00
7509,30,1,17,4,9/29/2008 0:00
7510,30,1,14,3,9/29/2008 0:00
7511,30,1,14,4,9/29/2008 0:00
7512,30,1,1,3,11/20/2008 0:00
7513,30,1,1,4,12/10/2008 0:00
7514,30,1,7,3,1/7/2009 0:00
7515,30,1,7,4,7/24/2009 0:00
7516,30,1,3,3,7/27/2009 0:00
7517,30,1,3,4,8/21/2009 0:00
7518,30,1,4,3,8/25/2009 0:00
7519,30,1,4,4,8/28/2009 0:00
7520,30,1,6,1,12/31/2008 0:00
7521,30,1,6,2,12/31/2008 0:00
7522,30,1,6,3,9/21/2009 0:00
7523,30,1,6,4,9/21/2009 0:00
7524,30,2,5,3,8/29/2009 0:00
7525,30,2,5,4,10/2/2009 0:00
7526,30,2,17,1,12/31/2008 0:00
7527,30,2,17,2,1/10/2010 0:00
7528,30,2,17,5,8/22/2009 0:00
7529,30,2,17,6,2/1/2010 0:00
7530,30,2,16,1,1/10/2010 0:00
7531,30,2,16,2,1/10/2010 0:00
7532,30,2,16,5,2/1/2010 0:00
7533,30,2,16,6,2/1/2010 0:00
7534,30,2,1,1,1/10/2010 0:00
7535,30,2,1,2,1/24/2010 0:00
7536,30,2,1,5,2/1/2010 0:00
7537,30,2,1,6,3/1/2010 0:00
7538,30,2,7,1,2/7/2010 0:00
7539,30,2,7,2,3/10/2010 0:00
7540,30,2,7,5,3/1/2010 0:00
7541,30,2,7,6,4/30/2010 0:00
7542,30,2,3,1,3/10/2010 0:00
7543,30,2,3,2,3/23/2010 0:00
7544,30,2,3,5,4/30/2010 0:00
7545,30,2,3,6,5/24/2010 0:00
7546,30,2,4,1,3/23/2010 0:00
7547,30,2,4,2,3/23/2010 0:00
7548,30,2,4,5,5/24/2010 0:00
7549,30,2,4,6,5/31/2010 0:00
7550,30,2,12,5,6/30/2010 0:00
7551,30,2,12,6,6/30/2010 0:00
7552,30,3,11,1,4/7/2010 0:00
7553,30,3,11,2,6/6/2010 0:00
7554,30,3,11,5,5/31/2010 0:00
7555,30,3,11,6,7/31/2010 0:00
7556,30,3,17,1,3/23/2010 0:00
7557,30,3,17,2,12/5/2010 0:00
7558,30,3,17,5,8/1/2010 0:00
7559,30,3,17,6,11/20/2010 0:00
7560,30,3,15,1,12/5/2010 0:00
7561,30,3,15,2,12/5/2010 0:00
7562,30,3,15,5,11/20/2010 0:00
7563,30,3,15,6,11/20/2010 0:00
7564,30,3,1,1,12/5/2010 0:00
7565,30,3,1,2,12/19/2010 0:00
7566,30,3,1,5,11/20/2010 0:00
7567,30,3,1,6,12/10/2010 0:00
7568,30,3,7,1,12/13/2010 0:00
7569,30,3,7,2,1/15/2011 0:00
7570,30,3,7,5,12/10/2010 0:00
7571,30,3,7,6,1/31/2011 0:00
7572,30,3,10,1,1/15/2011 0:00
7573,30,3,10,2,3/22/2011 0:00
7574,30,3,10,5,1/31/2011 0:00
7575,30,3,10,6,2/14/2011 0:00
7576,30,3,2,1,3/22/2011 0:00
7577,30,3,2,2,4/2/2011 0:00
7578,30,3,2,5,2/14/2011 0:00
7579,30,3,2,6,2/21/2011 0:00
7580,30,3,4,1,4/2/2011 0:00
7581,30,3,4,2,4/2/2011 0:00
7582,30,3,4,5,2/21/2011 0:00
7583,30,3,4,6,2/28/2011 0:00
7584,30,3,9,5,3/31/2011 0:00
7585,30,3,9,6,3/31/2011 0:00
7586,30,4,8,1,4/2/2011 0:00
7587,30,4,8,2,6/1/2011 0:00
7588,30,4,8,5,3/1/2011 0:00
7589,30,4,8,6,4/30/2011 0:00
7590,30,4,17,1,4/2/2011 0:00
7591,30,4,17,2,8/23/2011 0:00
7592,30,4,17,5,5/1/2011 0:00
7593,30,4,17,6,8/1/2011 0:00
7594,30,4,13,1,8/23/2011 0:00
7595,30,4,13,2,8/23/2011 0:00
7596,30,4,13,5,8/1/2011 0:00
7597,30,4,13,6,8/1/2011 0:00
7598,30,4,1,1,8/23/2011 0:00
7599,30,4,1,2,10/22/2011 0:00
7600,30,4,1,5,8/1/2011 0:00
7601,30,4,1,6,9/1/2011 0:00
7602,30,4,7,1,10/30/2011 0:00
7603,30,4,7,2,12/28/2011 0:00
7604,30,4,7,5,9/1/2011 0:00
7605,30,4,7,6,11/10/2011 0:00
7606,30,4,10,1,10/30/2011 0:00
7607,30,4,10,2,12/31/2011 0:00
7608,30,4,10,5,11/10/2011 0:00
7609,30,4,10,6,11/30/2011 0:00
7610,30,4,2,1,12/28/2011 0:00
7611,30,4,2,2,12/31/2011 0:00
7612,30,4,2,5,11/30/2011 0:00
7613,30,4,2,6,12/14/2011 0:00
7614,30,4,4,1,12/31/2011 0:00
7615,30,4,4,2,12/31/2011 0:00
7616,30,4,4,5,12/14/2011 0:00
7617,30,4,4,6,12/31/2011 0:00
7618,18,3,17,1,1/1/2008 0:00
7619,18,3,17,2,6/28/2008 0:00
7620,18,3,17,3,9/1/2009 0:00
7621,18,3,17,5,7/10/2009 0:00
7622,18,3,17,6,1/30/2010 0:00
7623,18,3,15,1,6/28/2008 0:00
7624,18,3,15,2,6/28/2008 0:00
7625,18,3,15,5,1/30/2010 0:00
7626,18,3,15,6,1/30/2010 0:00
7627,18,3,1,1,6/28/2008 0:00
7628,18,3,1,2,7/28/2008 0:00
7629,18,3,1,5,1/30/2010 0:00
7630,18,3,1,6,2/15/2010 0:00
7631,18,3,7,1,8/4/2008 0:00
7632,18,3,7,2,11/2/2008 0:00
7633,18,3,7,5,2/15/2010 0:00
7634,18,3,7,6,3/28/2010 0:00
7635,18,3,2,1,11/2/2008 0:00
7636,18,3,2,2,11/2/2008 0:00
7637,18,3,2,5,3/28/2010 0:00
7638,18,3,2,6,4/8/2010 0:00
7639,18,3,4,1,11/2/2008 0:00
7640,18,3,4,2,11/2/2008 0:00
7641,18,3,4,5,4/8/2010 0:00
7642,18,3,4,6,4/15/2010 0:00
7643,18,3,9,5,5/15/2010 0:00
7644,18,3,9,6,5/15/2010 0:00
7645,18,4,8,1,11/2/2008 0:00
7646,18,4,8,2,12/2/2008 0:00
7647,18,4,8,5,4/15/2010 0:00
7648,18,4,8,6,6/30/2010 0:00
7649,18,4,17,1,11/2/2008 0:00
7650,18,4,17,2,1/31/2009 0:00
7651,18,4,17,5,5/15/2010 0:00
7652,18,4,17,6,10/15/2010 0:00
7653,18,4,13,1,1/31/2009 0:00
7654,18,4,13,2,1/31/2009 0:00
7655,18,4,13,5,10/15/2010 0:00
7656,18,4,13,6,10/15/2010 0:00
7657,18,4,1,1,1/31/2009 0:00
7658,18,4,1,2,3/2/2009 0:00
7659,18,4,1,5,10/15/2010 0:00
7660,18,4,1,6,11/15/2010 0:00
7661,18,4,7,1,3/15/2009 0:00
7662,18,4,7,2,6/20/2009 0:00
7663,18,4,7,5,11/15/2010 0:00
7664,18,4,7,6,1/20/2011 0:00
7665,18,4,2,1,6/20/2009 0:00
7666,18,4,2,2,6/25/2009 0:00
7667,18,4,2,5,1/20/2011 0:00
7668,18,4,2,6,2/7/2011 0:00
7669,18,4,4,1,6/25/2009 0:00
7670,18,4,4,2,6/30/2009 0:00
7671,18,4,4,5,2/7/2011 0:00
7672,18,4,4,6,2/28/2011 0:00
7673,20,1,17,1,1/2/2006 0:00
7674,20,1,17,2,2/27/2006 0:00
7675,20,1,14,1,2/27/2006 0:00
7676,20,1,14,2,2/28/2006 0:00
7677,20,1,1,1,2/28/2006 0:00
7678,20,1,1,2,3/3/2006 0:00
7679,20,1,7,1,3/7/2006 0:00
7680,20,1,7,2,3/22/2006 0:00
7681,20,1,3,1,3/22/2006 0:00
7682,20,1,3,2,3/23/2006 0:00
7683,20,1,4,1,3/23/2006 0:00
7684,20,1,4,2,3/27/2006 0:00
7685,20,1,4,4,3/27/2006 0:00
7686,20,1,6,1,4/27/2006 0:00
7687,20,1,6,2,4/27/2006 0:00
7688,20,2,5,1,3/27/2006 0:00
7689,20,2,5,2,5/11/2006 0:00
7690,20,2,17,1,4/27/2006 0:00
7691,20,2,17,2,1/30/2007 0:00
7692,20,2,16,1,1/30/2007 0:00
7693,20,2,16,2,1/30/2007 0:00
7694,20,2,1,1,1/30/2007 0:00
7695,20,2,1,2,4/19/2007 0:00
7696,20,2,7,1,5/3/2007 0:00
7697,20,2,7,2,7/5/2007 0:00
7698,20,2,3,1,7/5/2007 0:00
7699,20,2,3,2,8/15/2007 0:00
7700,20,2,4,1,8/15/2007 0:00
7701,20,2,4,2,8/15/2007 0:00
7702,20,2,4,4,11/15/2007 0:00
7703,20,2,12,1,10/1/2007 0:00
7704,20,2,12,2,10/1/2007 0:00
7705,20,3,11,1,8/15/2007 0:00
7706,20,3,11,2,10/29/2007 0:00
7707,20,3,17,1,10/1/2007 0:00
7708,20,3,17,2,2/8/2008 0:00
7709,20,3,17,3,5/1/2009 0:00
7710,20,3,17,5,5/1/2009 0:00
7711,20,3,17,6,4/30/2010 0:00
7712,20,3,15,1,2/8/2008 0:00
7713,20,3,15,2,2/8/2008 0:00
7714,20,3,15,5,4/30/2010 0:00
7715,20,3,15,6,4/30/2010 0:00
7716,20,3,1,1,2/11/2008 0:00
7717,20,3,1,2,3/3/2008 0:00
7718,20,3,1,5,4/30/2010 0:00
7719,20,3,1,6,5/31/2010 0:00
7720,20,3,7,1,3/13/2008 0:00
7721,20,3,7,2,4/11/2008 0:00
7722,20,3,7,5,5/31/2010 0:00
7723,20,3,7,6,8/10/2010 0:00
7724,20,3,10,1,4/14/2008 0:00
7725,20,3,10,2,7/16/2008 0:00
7726,20,3,10,5,8/10/2010 0:00
7727,20,3,10,6,8/24/2010 0:00
7728,20,3,2,1,7/10/2008 0:00
7729,20,3,2,2,7/17/2008 0:00
7730,20,3,2,5,8/24/2010 0:00
7731,20,3,2,6,9/15/2010 0:00
7732,20,3,4,1,7/17/2008 0:00
7733,20,3,4,2,7/25/2008 0:00
7734,20,3,4,5,9/15/2010 0:00
7735,20,3,4,6,9/30/2010 0:00
7736,20,3,9,1,8/25/2008 0:00
7737,20,3,9,2,8/25/2008 0:00
7738,20,3,9,5,10/20/2010 0:00
7739,20,3,9,6,10/20/2010 0:00
7740,20,4,8,1,7/25/2008 0:00
7741,20,4,8,2,10/8/2008 0:00
7742,20,4,8,5,9/30/2010 0:00
7743,20,4,8,6,10/31/2010 0:00
7744,20,4,17,1,8/25/2008 0:00
7745,20,4,17,2,11/4/2008 0:00
7746,20,4,17,5,11/1/2010 0:00
7747,20,4,17,6,12/31/2010 0:00
7748,20,4,13,1,11/4/2008 0:00
7749,20,4,13,2,11/4/2008 0:00
7750,20,4,13,5,12/31/2010 0:00
7751,20,4,13,6,12/31/2010 0:00
7752,20,4,1,1,11/4/2008 0:00
7753,20,4,1,2,12/9/2008 0:00
7754,20,4,1,5,12/31/2010 0:00
7755,20,4,1,6,1/31/2011 0:00
7756,20,4,7,1,1/1/2009 0:00
7757,20,4,7,2,3/19/2009 0:00
7758,20,4,7,5,1/31/2011 0:00
7759,20,4,7,6,2/14/2011 0:00
7760,20,4,10,1,12/9/2008 0:00
7761,20,4,10,2,3/19/2009 0:00
7762,20,4,10,5,2/14/2011 0:00
7763,20,4,10,6,2/21/2011 0:00
7764,20,4,2,1,3/19/2009 0:00
7765,20,4,2,2,3/23/2009 0:00
7766,20,4,2,5,2/22/2011 0:00
7767,20,4,2,6,3/7/2011 0:00
7768,20,4,4,1,3/23/2009 0:00
7769,20,4,4,2,3/30/2009 0:00
7770,20,4,4,5,3/24/2011 0:00
7771,20,4,4,6,3/31/2011 0:00
7772,13,3,17,1,11/1/2008 0:00
7773,13,3,17,2,3/29/2008 0:00
7774,13,3,17,3,9/1/2009 0:00
7775,13,3,17,5,5/1/2009 0:00
7776,13,3,17,6,12/31/2009 0:00
7777,13,3,15,1,3/29/2008 0:00
7778,13,3,15,2,3/29/2008 0:00
7779,13,3,15,5,12/31/2009 0:00
7780,13,3,15,6,12/31/2009 0:00
7781,13,3,1,1,3/29/2008 0:00
7782,13,3,1,2,4/28/2008 0:00
7783,13,3,1,5,12/31/2009 0:00
7784,13,3,1,6,1/14/2010 0:00
7785,13,3,7,1,5/5/2008 0:00
7786,13,3,7,2,7/20/2008 0:00
7787,13,3,7,5,1/14/2010 0:00
7788,13,3,7,6,2/22/2010 0:00
7789,13,3,2,1,7/20/2008 0:00
7790,13,3,2,2,7/27/2008 0:00
7791,13,3,2,5,2/22/2010 0:00
7792,13,3,2,6,3/8/2010 0:00
7793,13,3,4,1,7/27/2008 0:00
7794,13,3,4,2,8/3/2008 0:00
7795,13,3,4,5,3/8/2010 0:00
7796,13,3,4,6,3/15/2010 0:00
7797,13,3,9,1,8/3/2008 0:00
7798,13,3,9,2,8/3/2008 0:00
7799,13,3,9,5,4/15/2010 0:00
7800,13,3,9,6,4/15/2010 0:00
7801,13,4,8,1,8/3/2008 0:00
7802,13,4,8,2,10/2/2008 0:00
7803,13,4,8,5,3/16/2010 0:00
7804,13,4,8,6,5/31/2010 0:00
7805,13,4,17,1,8/3/2008 0:00
7806,13,4,17,2,11/1/2008 0:00
7807,13,4,17,5,4/15/2010 0:00
7808,13,4,17,6,6/10/2010 0:00
7809,13,4,13,1,11/1/2008 0:00
7810,13,4,13,2,11/1/2008 0:00
7811,13,4,13,5,6/10/2010 0:00
7812,13,4,13,6,6/10/2010 0:00
7813,13,4,1,1,11/1/2008 0:00
7814,13,4,1,2,11/15/2008 0:00
7815,13,4,1,5,6/10/2010 0:00
7816,13,4,1,6,7/1/2010 0:00
7817,13,4,7,1,12/1/2008 0:00
7818,13,4,7,2,3/20/2009 0:00
7819,13,4,7,5,7/1/2010 0:00
7820,13,4,7,6,9/10/2010 0:00
7821,13,4,2,1,3/20/2009 0:00
7822,13,4,2,2,3/31/2009 0:00
7823,13,4,2,5,9/10/2010 0:00
7824,13,4,2,6,9/17/2010 0:00
7825,13,4,4,1,3/31/2009 0:00
7826,13,4,4,2,3/31/2009 0:00
7827,13,4,4,5,9/17/2010 0:00
7828,13,4,4,6,9/30/2010 0:00
7829,2,1,17,1,1/2/2006 0:00
7830,2,1,17,2,2/27/2006 0:00
7831,2,1,14,1,2/27/2006 0:00
7832,2,1,14,2,2/27/2006 0:00
7833,2,1,1,1,2/28/2006 0:00
7834,2,1,1,2,3/3/2006 0:00
7835,2,1,7,1,3/7/2006 0:00
7836,2,1,7,2,3/22/2006 0:00
7837,2,1,3,1,3/22/2006 0:00
7838,2,1,3,2,3/28/2006 0:00
7839,2,1,4,1,3/28/2006 0:00
7840,2,1,4,2,3/28/2006 0:00
7841,2,1,4,4,3/27/2006 0:00
7842,2,1,6,1,4/27/2006 0:00
7843,2,1,6,2,4/27/2006 0:00
7844,2,2,5,1,3/27/2006 0:00
7845,2,2,5,2,5/30/2006 0:00
7846,2,2,17,1,4/27/2006 0:00
7847,2,2,17,2,1/30/2007 0:00
7848,2,2,16,1,1/30/2007 0:00
7849,2,2,16,2,1/30/2007 0:00
7850,2,2,1,1,1/30/2007 0:00
7851,2,2,1,2,4/25/2007 0:00
7852,2,2,7,1,5/3/2007 0:00
7853,2,2,7,2,7/5/2007 0:00
7854,2,2,3,1,7/6/2007 0:00
7855,2,2,3,2,8/6/2007 0:00
7856,2,2,4,1,8/7/2007 0:00
7857,2,2,4,2,8/15/2007 0:00
7858,2,2,4,4,11/15/2007 0:00
7859,2,2,12,1,10/1/2007 0:00
7860,2,2,12,2,10/1/2007 0:00
7861,2,3,11,1,8/15/2007 0:00
7862,2,3,11,2,10/29/2007 0:00
7863,2,3,17,1,10/1/2007 0:00
7864,2,3,17,2,2/8/2008 0:00
7865,2,3,1,1,2/11/2008 0:00
7866,2,3,1,2,3/5/2008 0:00
7867,2,3,1,3,6/30/2009 0:00
7868,2,3,1,4,7/29/2009 0:00
7869,2,3,7,1,3/18/2008 0:00
7870,2,3,7,2,4/11/2008 0:00
7871,2,3,7,3,8/19/2009 0:00
7872,2,3,7,4,10/28/2009 0:00
7873,2,3,10,1,4/14/2008 0:00
7874,2,3,10,2,7/16/2008 0:00
7875,2,3,2,1,4/14/2008 0:00
7876,2,3,2,2,5/13/2008 0:00
7877,2,3,2,3,10/27/2009 0:00
7878,2,3,2,4,10/27/2009 0:00
7879,2,3,4,1,7/17/2008 0:00
7880,2,3,4,2,7/25/2008 0:00
7881,2,3,4,3,10/30/2009 0:00
7882,2,3,4,4,11/9/2009 0:00
7883,2,4,17,1,8/25/2008 0:00
7884,2,4,17,2,11/4/2008 0:00
7885,2,4,17,5,11/9/2009 0:00
7886,2,4,17,6,12/14/2009 0:00
7887,2,4,13,1,11/4/2008 0:00
7888,2,4,13,2,11/4/2008 0:00
7889,2,4,13,5,12/14/2009 0:00
7890,2,4,13,6,12/14/2009 0:00
7891,2,4,1,1,11/4/2008 0:00
7892,2,4,1,2,12/9/2008 0:00
7893,2,4,1,5,12/14/2009 0:00
7894,2,4,1,6,12/14/2009 0:00
7895,2,4,7,1,1/1/2009 0:00
7896,2,4,7,2,3/19/2009 0:00
7897,2,4,7,5,12/14/2009 0:00
7898,2,4,7,6,12/18/2009 0:00
7899,2,4,10,1,12/9/2008 0:00
7900,2,4,10,2,3/19/2009 0:00
7901,2,4,10,5,12/18/2009 0:00
7902,2,4,10,6,12/24/2009 0:00
7903,2,4,2,1,3/19/2009 0:00
7904,2,4,2,2,3/23/2009 0:00
7905,2,4,2,5,12/24/2009 0:00
7906,2,4,2,6,12/24/2009 0:00
7907,2,4,4,1,3/23/2009 0:00
7908,2,4,4,2,3/30/2009 0:00
7909,2,4,4,5,12/24/2009 0:00
7910,2,4,4,6,12/31/2009 0:00
7911,24,1,17,1,6/1/2007 0:00
7912,24,1,17,2,6/28/2007 0:00
7913,24,1,14,1,6/28/2007 0:00
7914,24,1,14,2,6/28/2007 0:00
7915,24,1,1,1,7/16/2007 0:00
7916,24,1,1,2,7/20/2007 0:00
7917,24,1,7,1,7/23/2007 0:00
7918,24,1,7,2,8/3/2007 0:00
7919,24,1,3,1,8/3/2007 0:00
7920,24,1,3,2,8/6/2007 0:00
7921,24,1,4,1,8/6/2007 0:00
7922,24,1,4,2,8/14/2007 0:00
7923,24,1,4,4,10/9/2007 0:00
7924,24,1,4,6,10/9/2007 0:00
7925,24,1,6,1,9/14/2007 0:00
7926,24,1,6,2,9/14/2007 0:00
7927,24,1,6,3,10/24/2007 0:00
7928,24,1,6,4,10/24/2007 0:00
7929,24,2,5,1,8/14/2007 0:00
7930,24,2,5,2,9/28/2007 0:00
7931,24,2,5,3,10/9/2007 0:00
7932,24,2,5,4,11/6/2007 0:00
7933,24,2,17,1,9/14/2007 0:00
7934,24,2,17,2,7/17/2008 0:00
7935,24,2,17,3,10/9/2007 0:00
7936,24,2,17,4,7/13/2009 0:00
7937,24,2,16,1,7/17/2008 0:00
7938,24,2,16,2,7/17/2008 0:00
7939,24,2,16,3,7/13/2009 0:00
7940,24,2,16,4,7/13/2009 0:00
7941,24,2,1,1,7/18/2008 0:00
7942,24,2,1,2,8/15/2008 0:00
7943,24,2,1,3,7/13/2009 0:00
7944,24,2,1,4,8/14/2009 0:00
7945,24,2,7,1,8/22/2008 0:00
7946,24,2,7,2,10/21/2008 0:00
7947,24,2,7,3,9/18/2009 0:00
7948,24,2,7,6,12/15/2009 0:00
7949,24,2,3,1,10/22/2008 0:00
7950,24,2,3,2,11/21/2008 0:00
7951,24,2,3,5,12/15/2009 0:00
7952,24,2,3,6,12/18/2009 0:00
7953,24,2,4,1,11/24/2008 0:00
7954,24,2,4,2,12/4/2008 0:00
7955,24,2,4,5,12/18/2009 0:00
7956,24,2,4,6,12/22/2009 0:00
7957,24,2,12,1,1/20/2008 0:00
7958,24,2,12,2,1/20/2008 0:00
7959,24,2,12,5,1/5/2010 0:00
7960,24,2,12,6,1/5/2010 0:00
7961,24,3,11,1,12/4/2008 17:00
7962,24,3,11,2,2/17/2009 17:00
7963,24,3,11,5,12/22/2009 0:00
7964,24,3,11,6,1/21/2010 0:00
7965,24,3,17,1,1/20/2008 0:00
7966,24,3,17,2,6/24/2009 0:00
7967,24,3,17,5,12/22/2009 0:00
7968,24,3,17,6,4/30/2010 0:00
7969,24,3,15,1,6/24/2009 0:00
7970,24,3,15,2,6/24/2009 0:00
7971,24,3,15,5,4/30/2010 0:00
7972,24,3,15,6,4/30/2010 0:00
7973,24,3,1,1,6/25/2009 0:00
7974,24,3,1,2,7/24/2009 0:00
7975,24,3,1,5,4/30/2010 0:00
7976,24,3,1,6,5/30/2010 0:00
7977,24,3,7,1,7/31/2009 0:00
7978,24,3,7,2,8/26/2009 17:00
7979,24,3,7,5,5/30/2010 0:00
7980,24,3,7,6,7/16/2010 0:00
7981,24,3,10,5,7/1/2010 0:00
7982,24,3,10,6,7/16/2010 0:00
7983,24,3,2,1,8/27/2009 8:00
7984,24,3,2,2,9/28/2009 17:00
7985,24,3,2,5,7/16/2010 0:00
7986,24,3,2,6,7/31/2010 0:00
7987,24,3,4,1,12/4/2009 8:00
7988,24,3,4,2,12/14/2009 17:00
7989,24,3,4,5,7/31/2010 0:00
7990,24,3,4,6,8/31/2010 0:00
7991,24,3,9,1,1/22/2010 8:00
7992,24,3,9,2,1/22/2010 17:00
7993,24,3,9,5,9/30/2010 0:00
7994,24,3,9,6,9/30/2010 0:00
7995,24,4,8,1,12/14/2009 17:00
7996,24,4,8,2,2/27/2010 17:00
7997,24,4,8,5,8/31/2010 0:00
7998,24,4,8,6,10/31/2010 0:00
7999,24,4,17,1,1/22/2010 17:00
8000,24,4,17,2,4/7/2010 0:00
8001,24,4,17,5,11/1/2010 0:00
8002,24,4,17,6,2/15/2011 0:00
8003,24,4,13,1,4/7/2010 0:00
8004,24,4,13,2,4/7/2010 0:00
8005,24,4,13,5,2/15/2011 0:00
8006,24,4,13,6,2/15/2011 0:00
8007,24,4,1,1,4/7/2010 8:00
8008,24,4,1,2,5/3/2010 0:00
8009,24,4,1,5,2/15/2011 0:00
8010,24,4,1,6,3/15/2011 0:00
8011,24,4,7,1,5/11/2010 0:00
8012,24,4,7,2,6/8/2010 17:00
8013,24,4,7,5,3/15/2011 0:00
8014,24,4,7,6,5/1/2011 0:00
8015,24,4,10,1,6/9/2010 8:00
8016,24,4,10,2,9/10/2010 17:00
8017,24,4,10,5,5/1/2011 0:00
8018,24,4,10,6,5/31/2011 0:00
8019,24,4,2,1,6/9/2010 8:00
8020,24,4,2,2,7/9/2010 17:00
8021,24,4,2,5,5/31/2011 0:00
8022,24,4,2,6,6/14/2011 0:00
8023,24,4,4,1,9/13/2010 8:00
8024,24,4,4,2,9/21/2010 17:00
8025,24,4,4,5,6/14/2011 0:00
8026,24,4,4,6,6/30/2011 0:00
8027,12,3,17,1,10/1/2007 0:00
8028,12,3,17,2,3/29/2008 0:00
8029,12,3,17,3,4/1/2008 0:00
8030,12,3,17,4,11/25/2009 0:00
8031,12,3,17,5,12/20/2008 0:00
8032,12,3,17,6,11/30/2009 0:00
8033,12,3,15,1,3/29/2008 0:00
8034,12,3,15,2,3/29/2008 0:00
8035,12,3,15,3,11/25/2009 0:00
8036,12,3,15,4,11/25/2009 0:00
8037,12,3,15,5,11/30/2009 0:00
8038,12,3,15,6,11/30/2009 0:00
8039,12,3,1,1,3/29/2008 0:00
8040,12,3,1,2,4/28/2008 0:00
8041,12,3,1,5,11/30/2009 0:00
8042,12,3,1,6,12/14/2009 0:00
8043,12,3,7,1,5/5/2008 0:00
8044,12,3,7,2,7/20/2008 0:00
8045,12,3,7,5,12/14/2009 0:00
8046,12,3,7,6,1/4/2010 0:00
8047,12,3,2,1,7/20/2008 0:00
8048,12,3,2,2,7/27/2008 0:00
8049,12,3,2,5,1/4/2010 0:00
8050,12,3,2,6,1/8/2010 0:00
8051,12,3,4,1,7/27/2008 0:00
8052,12,3,4,2,8/3/2008 0:00
8053,12,3,4,5,1/8/2010 0:00
8054,12,3,4,6,1/15/2010 0:00
8055,12,3,9,1,8/3/2008 0:00
8056,12,3,9,2,8/3/2008 0:00
8057,12,3,9,5,2/15/2010 0:00
8058,12,3,9,6,2/15/2010 0:00
8059,12,4,8,1,8/3/2008 0:00
8060,12,4,8,2,10/2/2008 0:00
8061,12,4,8,5,1/15/2010 0:00
8062,12,4,8,6,3/31/2010 0:00
8063,12,4,17,1,8/3/2008 0:00
8064,12,4,17,2,11/1/2008 0:00
8065,12,4,17,5,2/15/2010 0:00
8066,12,4,17,6,5/10/2010 0:00
8067,12,4,13,1,11/1/2008 0:00
8068,12,4,13,2,11/1/2008 0:00
8069,12,4,13,5,5/10/2010 0:00
8070,12,4,13,6,5/10/2010 0:00
8071,12,4,1,1,11/1/2008 0:00
8072,12,4,1,2,11/15/2008 0:00
8073,12,4,1,5,5/10/2010 0:00
8074,12,4,1,6,5/31/2010 0:00
8075,12,4,7,1,12/1/2008 0:00
8076,12,4,7,2,3/20/2009 0:00
8077,12,4,7,5,5/31/2010 0:00
8078,12,4,7,6,8/3/2010 0:00
8079,12,4,2,1,3/20/2009 0:00
8080,12,4,2,2,3/25/2009 0:00
8081,12,4,2,5,8/3/2010 0:00
8082,12,4,2,6,8/17/2010 0:00
8083,12,4,4,1,3/25/2009 0:00
8084,12,4,4,2,3/31/2009 0:00
8085,12,4,4,5,8/17/2010 0:00
8086,12,4,4,6,8/31/2010 0:00
8087,27,1,17,1,1/1/2008 0:00
8088,27,1,17,2,3/22/2008 0:00
8089,27,1,17,3,3/1/2008 0:00
8090,27,1,14,1,3/22/2008 0:00
8091,27,1,14,2,3/22/2008 0:00
8092,27,1,1,1,3/22/2008 0:00
8093,27,1,1,2,4/5/2008 0:00
8094,27,1,1,3,7/7/2008 0:00
8095,27,1,1,4,8/14/2008 0:00
8096,27,1,7,1,4/19/2008 0:00
8097,27,1,7,2,5/19/2008 0:00
8098,27,1,7,3,8/28/2008 0:00
8099,27,1,7,4,12/24/2008 0:00
8100,27,1,3,1,5/19/2008 0:00
8101,27,1,3,2,5/26/2008 0:00
8102,27,1,3,3,12/24/2008 0:00
8103,27,1,3,4,12/24/2008 0:00
8104,27,1,4,1,5/26/2008 0:00
8105,27,1,4,2,6/2/2008 0:00
8106,27,1,4,3,1/6/2009 0:00
8107,27,1,4,4,1/6/2009 0:00
8108,27,1,6,3,1/28/2009 0:00
8109,27,1,6,4,1/28/2009 0:00
8110,27,2,5,1,6/2/2008 0:00
8111,27,2,5,2,7/2/2008 0:00
8112,27,2,5,3,1/6/2009 0:00
8113,27,2,5,4,2/5/2009 0:00
8114,27,2,17,1,6/2/2008 0:00
8115,27,2,17,2,8/13/2009 0:00
8116,27,2,17,3,1/6/2009 0:00
8117,27,2,17,6,12/15/2009 0:00
8118,27,2,16,1,8/13/2009 0:00
8119,27,2,16,2,8/13/2009 0:00
8120,27,2,16,5,12/15/2009 0:00
8121,27,2,16,6,12/15/2009 0:00
8122,27,2,1,1,8/13/2009 0:00
8123,27,2,1,2,8/27/2009 0:00
8124,27,2,1,5,12/15/2009 0:00
8125,27,2,1,6,1/5/2010 0:00
8126,27,2,7,1,9/10/2009 0:00
8127,27,2,7,2,11/9/2009 0:00
8128,27,2,7,5,1/5/2010 0:00
8129,27,2,7,6,1/25/2010 0:00
8130,27,2,3,1,12/8/2009 0:00
8131,27,2,3,2,1/7/2010 0:00
8132,27,2,3,5,2/2/2010 0:00
8133,27,2,3,6,3/4/2010 0:00
8134,27,2,4,1,1/7/2010 0:00
8135,27,2,4,2,1/21/2010 0:00
8136,27,2,4,5,3/11/2010 0:00
8137,27,2,4,6,3/18/2010 0:00
8138,27,2,12,5,3/25/2010 0:00
8139,27,2,12,6,3/25/2010 0:00
8140,27,3,11,1,1/22/2010 0:00
8141,27,3,11,2,3/25/2010 0:00
8142,27,3,11,5,3/18/2010 0:00
8143,27,3,11,6,5/17/2010 0:00
8144,27,3,17,1,1/21/2010 0:00
8145,27,3,17,2,7/7/2010 0:00
8146,27,3,17,5,3/25/2010 0:00
8147,27,3,17,6,7/20/2010 0:00
8148,27,3,15,1,7/7/2010 0:00
8149,27,3,15,2,7/7/2010 0:00
8150,27,3,15,5,7/20/2010 0:00
8151,27,3,15,6,7/20/2010 0:00
8152,27,3,1,1,7/7/2010 0:00
8153,27,3,1,2,7/21/2010 0:00
8154,27,3,1,5,7/20/2010 0:00
8155,27,3,1,6,8/23/2010 0:00
8156,27,3,7,1,8/4/2010 0:00
8157,27,3,7,2,9/3/2010 0:00
8158,27,3,7,5,8/24/2010 0:00
8159,27,3,7,6,9/24/2010 0:00
8160,27,3,10,1,9/13/2010 0:00
8161,27,3,10,2,12/14/2010 0:00
8162,27,3,10,5,9/24/2010 0:00
8163,27,3,10,6,12/23/2010 0:00
8164,27,3,2,1,11/10/2010 0:00
8165,27,3,2,2,12/21/2010 0:00
8166,27,3,2,5,12/14/2010 0:00
8167,27,3,2,6,1/24/2011 0:00
8168,27,3,4,1,12/21/2010 0:00
8169,27,3,4,2,1/4/2011 0:00
8170,27,3,4,5,1/24/2011 0:00
8171,27,3,4,6,1/30/2011 0:00
8172,27,3,9,5,2/25/2011 0:00
8173,27,3,9,6,2/25/2011 0:00
8174,27,4,8,1,1/5/2011 0:00
8175,27,4,8,2,3/6/2011 0:00
8176,27,4,8,5,1/31/2011 0:00
8177,27,4,8,6,3/30/2011 0:00
8178,27,4,17,1,1/4/2011 0:00
8179,27,4,17,2,4/11/2011 0:00
8180,27,4,17,5,2/25/2011 0:00
8181,27,4,17,6,4/28/2011 0:00
8182,27,4,13,1,4/11/2011 0:00
8183,27,4,13,2,4/11/2011 0:00
8184,27,4,13,5,4/28/2011 0:00
8185,27,4,13,6,4/28/2011 0:00
8186,27,4,1,1,4/11/2011 0:00
8187,27,4,1,2,5/11/2011 0:00
8188,27,4,1,5,4/28/2011 0:00
8189,27,4,1,6,5/28/2011 0:00
8190,27,4,7,1,5/19/2011 0:00
8191,27,4,7,2,6/20/2011 0:00
8192,27,4,7,5,5/28/2011 0:00
8193,27,4,7,6,6/28/2011 0:00
8194,27,4,10,1,6/28/2011 0:00
8195,27,4,10,2,9/28/2011 0:00
8196,27,4,10,5,6/28/2011 0:00
8197,27,4,10,6,9/28/2011 0:00
8198,27,4,2,1,9/9/2011 0:00
8199,27,4,2,2,10/12/2011 0:00
8200,27,4,2,5,9/9/2011 0:00
8201,27,4,2,6,10/12/2011 0:00
8202,27,4,4,1,10/12/2011 0:00
8203,27,4,4,2,10/12/2011 0:00
8204,27,4,4,5,10/12/2011 0:00
8205,27,4,4,6,11/14/2011 0:00
8206,9,3,17,1,1/22/2008 0:00
8207,9,3,17,2,9/1/2008 0:00
8208,9,3,17,3,3/30/2009 0:00
8209,9,3,17,4,6/30/2009 0:00
8210,9,3,15,1,9/1/2008 0:00
8211,9,3,15,2,9/1/2008 0:00
8212,9,3,15,3,6/30/2009 0:00
8213,9,3,15,4,7/1/2009 0:00
8214,9,3,1,1,9/1/2008 0:00
8215,9,3,1,2,10/9/2008 0:00
8216,9,3,1,3,7/1/2009 0:00
8217,9,3,1,4,8/28/2009 0:00
8218,9,3,7,1,10/17/2008 0:00
8219,9,3,7,2,12/18/2008 0:00
8220,9,3,7,3,11/9/2009 0:00
8221,9,3,7,6,12/11/2009 0:00
8222,9,3,2,1,12/26/2008 0:00
8223,9,3,2,2,1/27/2009 0:00
8224,9,3,2,5,12/11/2009 0:00
8225,9,3,2,6,12/18/2009 0:00
8226,9,3,4,1,1/27/2009 0:00
8227,9,3,4,2,2/10/2009 0:00
8228,9,3,4,5,12/18/2009 0:00
8229,9,3,4,6,12/22/2009 0:00
8230,9,3,9,5,1/10/2010 0:00
8231,9,3,9,6,1/10/2010 0:00
8232,9,4,8,1,2/11/2009 0:00
8233,9,4,8,2,5/5/2009 0:00
8234,9,4,8,5,12/22/2009 0:00
8235,9,4,8,6,3/7/2010 0:00
8236,9,4,17,1,2/10/2009 0:00
8237,9,4,17,2,7/28/2009 0:00
8238,9,4,17,5,12/22/2009 0:00
8239,9,4,17,6,3/30/2010 0:00
8240,9,4,13,1,7/28/2009 0:00
8241,9,4,13,2,7/28/2009 0:00
8242,9,4,13,5,3/30/2010 0:00
8243,9,4,13,6,3/30/2010 0:00
8244,9,4,1,1,7/29/2009 0:00
8245,9,4,1,2,8/28/2009 0:00
8246,9,4,1,5,3/30/2010 0:00
8247,9,4,1,6,4/15/2010 0:00
8248,9,4,7,1,9/7/2009 0:00
8249,9,4,7,2,11/6/2009 0:00
8250,9,4,7,5,4/15/2010 0:00
8251,9,4,7,6,5/15/2010 0:00
8252,9,4,2,1,11/16/2009 0:00
8253,9,4,2,2,12/17/2009 0:00
8254,9,4,2,5,5/15/2010 0:00
8255,9,4,2,6,5/31/2010 0:00
8256,9,4,4,1,12/17/2009 0:00
8257,9,4,4,2,12/31/2009 0:00
8258,9,4,4,5,5/31/2010 0:00
8259,9,4,4,6,6/5/2010 0:00
8260,5,1,3,4,11/13/2006 0:00
8261,5,1,4,1,12/8/2006 0:00
8262,5,1,4,2,12/15/2006 0:00
8263,5,1,4,3,11/13/2006 0:00
8264,5,1,4,4,11/24/2006 0:00
8265,5,2,5,1,12/1/2006 0:00
8266,5,2,5,2,1/31/2007 0:00
8267,5,2,17,1,12/15/2006 0:00
8268,5,2,17,2,4/30/2008 0:00
8269,5,2,16,1,4/30/2008 0:00
8270,5,2,16,2,4/30/2008 0:00
8271,5,2,1,1,4/30/2008 0:00
8272,5,2,1,2,6/20/2008 0:00
8273,5,2,1,3,10/22/2008 0:00
8274,5,2,1,4,11/4/2008 0:00
8275,5,2,7,1,6/27/2008 0:00
8276,5,2,7,2,8/22/2008 0:00
8277,5,2,7,3,11/24/2008 0:00
8278,5,2,7,4,12/29/2008 0:00
8279,5,2,3,1,8/24/2008 0:00
8280,5,2,3,2,9/23/2008 0:00
8281,5,2,3,3,12/29/2008 0:00
8282,5,2,3,4,1/5/2009 0:00
8283,5,2,4,1,9/23/2008 0:00
8284,5,2,4,2,9/30/2008 0:00
8285,5,2,4,3,1/5/2009 0:00
8286,5,2,4,4,1/13/2009 0:00
8287,5,2,12,3,2/9/2009 0:00
8288,5,2,12,4,2/9/2009 0:00
8289,5,3,11,1,9/30/2008 0:00
8290,5,3,11,2,12/15/2008 0:00
8291,5,3,17,1,9/30/2008 0:00
8292,5,3,17,2,3/15/2009 0:00
8293,5,3,15,1,3/15/2009 0:00
8294,5,3,15,2,3/15/2009 0:00
8295,5,3,15,3,6/29/2009 0:00
8296,5,3,15,4,6/29/2009 0:00
8297,5,3,1,1,3/15/2009 0:00
8298,5,3,1,2,3/28/2009 0:00
8299,5,3,1,3,6/30/2009 0:00
8300,5,3,1,4,9/14/2009 0:00
8301,5,3,7,1,4/4/2009 0:00
8302,5,3,7,2,4/30/2009 0:00
8303,5,3,7,3,11/3/2009 0:00
8304,5,3,7,4,11/20/2009 0:00
8305,5,3,7,6,12/4/2009 0:00
8306,5,3,10,1,4/30/2009 0:00
8307,5,3,10,2,7/28/2009 0:00
8308,5,3,10,5,12/4/2009 0:00
8309,5,3,10,6,12/10/2009 0:00
8310,5,3,2,1,7/1/2009 0:00
8311,5,3,2,2,7/28/2009 0:00
8312,5,3,2,3,11/20/2009 0:00
8313,5,3,2,4,11/25/2009 0:00
8314,5,3,2,5,12/10/2009 0:00
8315,5,3,2,6,12/17/2009 0:00
8316,5,3,4,1,7/28/2009 0:00
8317,5,3,4,2,7/31/2009 0:00
8318,5,3,4,3,11/25/2009 0:00
8319,5,3,4,5,12/17/2009 0:00
8320,5,3,4,6,12/22/2009 0:00
8321,5,3,9,1,8/29/2009 0:00
8322,5,3,9,2,8/29/2009 0:00
8323,5,3,9,5,1/5/2010 0:00
8324,5,3,9,6,1/5/2010 0:00
8325,5,4,8,1,7/31/2009 0:00
8326,5,4,8,2,9/30/2009 0:00
8327,5,4,8,5,12/22/2009 0:00
8328,5,4,8,6,2/20/2010 0:00
8329,5,4,17,1,8/29/2009 0:00
8330,5,4,17,2,1/15/2010 0:00
8331,5,4,17,5,1/5/2010 0:00
8332,5,4,17,6,2/26/2010 0:00
8333,5,4,13,1,1/15/2010 0:00
8334,5,4,13,2,1/15/2010 0:00
8335,5,4,13,5,2/26/2010 0:00
8336,5,4,13,6,2/26/2010 0:00
8337,5,4,1,1,1/15/2010 0:00
8338,5,4,1,2,1/31/2010 0:00
8339,5,4,1,5,2/26/2010 0:00
8340,5,4,1,6,3/1/2010 0:00
8341,5,4,7,1,2/6/2010 0:00
8342,5,4,7,2,2/27/2010 0:00
8343,5,4,7,5,3/1/2010 0:00
8344,5,4,7,6,3/5/2010 0:00
8345,5,4,10,1,2/6/2010 0:00
8346,5,4,10,2,2/27/2010 0:00
8347,5,4,10,5,3/12/2010 0:00
8348,5,4,10,6,3/19/2010 0:00
8349,5,4,2,1,2/27/2010 0:00
8350,5,4,2,2,3/26/2010 0:00
8351,5,4,2,5,3/19/2010 0:00
8352,5,4,2,6,3/19/2010 0:00
8353,5,4,4,1,3/26/2010 0:00
8354,5,4,4,2,3/31/2010 0:00
8355,5,4,4,5,3/19/2010 0:00
8356,5,4,4,6,3/31/2010 0:00
8357,23,1,17,1,9/10/2007 0:00
8358,23,1,17,2,10/31/2007 0:00
8359,23,1,17,3,9/17/2007 0:00
8360,23,1,17,4,10/24/2007 0:00
8361,23,1,14,1,10/31/2007 0:00
8362,23,1,14,2,10/31/2007 0:00
8363,23,1,14,3,10/25/2007 0:00
8364,23,1,14,4,10/25/2007 0:00
8365,23,1,1,1,11/1/2007 0:00
8366,23,1,1,2,11/14/2007 0:00
8367,23,1,1,3,11/29/2007 0:00
8368,23,1,1,4,12/5/2007 0:00
8369,23,1,7,1,11/20/2007 0:00
8370,23,1,7,2,12/15/2007 0:00
8371,23,1,7,3,1/5/2008 0:00
8372,23,1,7,4,1/11/2008 0:00
8373,23,1,3,1,12/15/2007 0:00
8374,23,1,3,2,12/23/2007 0:00
8375,23,1,3,3,1/14/2008 0:00
8376,23,1,3,4,1/14/2008 0:00
8377,23,1,4,1,12/23/2007 0:00
8378,23,1,4,2,12/28/2007 0:00
8379,23,1,4,3,1/14/2008 0:00
8380,23,1,4,4,1/22/2008 0:00
8381,23,1,6,1,1/15/2008 0:00
8382,23,1,6,2,1/15/2008 0:00
8383,23,1,6,3,2/6/2008 0:00
8384,23,1,6,4,2/6/2008 0:00
8385,23,2,5,1,12/28/2007 0:00
8386,23,2,5,2,1/28/2008 0:00
8387,23,2,5,3,1/22/2008 0:00
8388,23,2,5,4,3/7/2008 0:00
8389,23,2,17,1,1/15/2008 0:00
8390,23,2,17,2,7/1/2009 0:00
8391,23,2,16,1,7/1/2009 0:00
8392,23,2,16,2,7/1/2009 0:00
8393,23,2,16,3,7/31/2009 0:00
8394,23,2,16,4,8/7/2009 0:00
8395,23,2,1,1,7/1/2009 0:00
8396,23,2,1,2,8/13/2009 0:00
8397,23,2,1,3,8/26/2009 0:00
8398,23,2,1,4,9/14/2009 0:00
8399,23,2,7,1,8/20/2009 0:00
8400,23,2,7,2,10/14/2009 0:00
8401,23,2,7,3,11/24/2009 0:00
8402,23,2,7,5,10/12/2009 0:00
8403,23,2,7,6,12/17/2009 0:00
8404,23,2,3,1,10/14/2009 0:00
8405,23,2,3,2,11/12/2009 0:00
8406,23,2,3,5,12/17/2009 0:00
8407,23,2,3,6,12/18/2009 0:00
8408,23,2,4,1,11/12/2009 0:00
8409,23,2,4,2,11/15/2009 0:00
8410,23,2,4,5,12/11/2009 0:00
8411,23,2,4,6,12/18/2009 0:00
8412,23,2,12,1,12/10/2009 0:00
8413,23,2,12,2,12/10/2009 0:00
8414,23,2,12,5,1/4/2010 0:00
8415,23,2,12,6,1/4/2010 0:00
8416,23,3,11,1,11/15/2009 0:00
8417,23,3,11,2,1/28/2010 0:00
8418,23,3,11,5,12/18/2009 0:00
8419,23,3,11,6,3/2/2010 0:00
8420,23,3,17,1,12/10/2009 0:00
8421,23,3,17,2,5/29/2010 0:00
8422,23,3,17,5,1/4/2010 0:00
8423,23,3,17,6,5/26/2010 0:00
8424,23,3,15,1,5/29/2010 0:00
8425,23,3,15,2,5/29/2010 0:00
8426,23,3,15,5,5/26/2010 0:00
8427,23,3,15,6,5/26/2010 0:00
8428,23,3,1,1,5/29/2010 0:00
8429,23,3,1,2,6/18/2010 0:00
8430,23,3,1,5,5/26/2010 0:00
8431,23,3,1,6,6/22/2010 0:00
8432,23,3,7,1,6/26/2010 0:00
8433,23,3,7,2,7/23/2010 0:00
8434,23,3,7,5,6/22/2010 0:00
8435,23,3,7,6,7/22/2010 0:00
8436,23,3,10,1,7/24/2010 0:00
8437,23,3,10,2,10/15/2010 0:00
8438,23,3,10,5,7/22/2010 0:00
8439,23,3,10,6,10/10/2010 0:00
8440,23,3,2,1,7/24/2010 0:00
8441,23,3,2,2,8/20/2010 0:00
8442,23,3,2,5,10/10/2010 0:00
8443,23,3,2,6,10/14/2010 0:00
8444,23,3,4,1,10/16/2010 0:00
8445,23,3,4,2,10/22/2010 0:00
8446,23,3,4,5,10/16/2010 0:00
8447,23,3,4,6,10/20/2010 0:00
8448,23,3,9,1,11/20/2010 0:00
8449,23,3,9,2,11/20/2010 0:00
8450,23,3,9,5,11/20/2010 0:00
8451,23,3,9,6,11/20/2010 0:00
8452,23,4,8,1,10/22/2010 0:00
8453,23,4,8,2,1/4/2011 0:00
8454,23,4,8,5,10/20/2010 0:00
8455,23,4,8,6,1/2/2011 0:00
8456,23,4,17,1,11/20/2010 0:00
8457,23,4,17,2,2/3/2011 0:00
8458,23,4,17,5,11/20/2010 0:00
8459,23,4,17,6,2/20/2011 0:00
8460,23,4,13,1,2/3/2011 0:00
8461,23,4,13,2,2/3/2011 0:00
8462,23,4,13,5,2/20/2011 0:00
8463,23,4,13,6,2/20/2011 0:00
8464,23,4,1,1,2/3/2011 0:00
8465,23,4,1,2,2/24/2011 0:00
8466,23,4,1,5,2/23/2011 0:00
8467,23,4,1,6,3/16/2011 0:00
8468,23,4,7,1,3/3/2011 0:00
8469,23,4,7,2,3/30/2011 0:00
8470,23,4,7,5,3/16/2011 0:00
8471,23,4,7,6,4/13/2011 0:00
8472,23,4,10,1,3/31/2011 0:00
8473,23,4,10,2,6/22/2011 0:00
8474,23,4,10,5,3/30/2011 0:00
8475,23,4,10,6,6/16/2011 0:00
8476,23,4,2,1,3/31/2011 0:00
8477,23,4,2,2,4/27/2011 0:00
8478,23,4,2,5,6/16/2011 0:00
8479,23,4,2,6,6/23/2011 0:00
8480,23,4,4,1,6/23/2011 0:00
8481,23,4,4,2,6/29/2011 0:00
8482,23,4,4,5,6/23/2011 0:00
8483,23,4,4,6,6/29/2011 0:00
8484,16,3,17,1,12/12/2008 0:00
8485,16,3,17,2,8/31/2009 0:00
8486,16,3,17,3,12/12/2008 0:00
8487,16,3,17,4,8/31/2009 0:00
8488,16,3,15,1,8/31/2009 0:00
8489,16,3,15,2,8/31/2009 0:00
8490,16,3,15,3,8/31/2009 0:00
8491,16,3,15,4,10/6/2009 0:00
8492,16,3,1,1,8/31/2009 0:00
8493,16,3,1,2,10/2/2009 0:00
8494,16,3,1,3,10/13/2009 0:00
8495,16,3,1,4,11/25/2009 0:00
8496,16,3,1,6,12/2/2009 0:00
8497,16,3,7,1,10/16/2009 0:00
8498,16,3,7,2,12/14/2009 0:00
8499,16,3,7,3,11/25/2009 0:00
8500,16,3,7,5,12/2/2009 0:00
8501,16,3,7,6,12/17/2009 0:00
8502,16,3,2,1,12/14/2009 0:00
8503,16,3,2,2,12/17/2009 0:00
8504,16,3,2,5,12/17/2009 0:00
8505,16,3,2,6,12/18/2009 0:00
8506,16,3,4,1,12/17/2009 0:00
8507,16,3,4,2,12/21/2009 0:00
8508,16,3,4,5,12/18/2009 0:00
8509,16,3,4,6,1/15/2010 0:00
8510,16,3,9,1,1/5/2010 0:00
8511,16,3,9,2,1/5/2010 0:00
8512,16,3,9,5,2/9/2010 0:00
8513,16,3,9,6,2/9/2010 0:00
8514,16,4,8,1,12/15/2009 0:00
8515,16,4,8,2,2/28/2010 0:00
8516,16,4,8,5,1/15/2010 0:00
8517,16,4,8,6,3/31/2010 0:00
8518,16,4,17,1,1/5/2010 0:00
8519,16,4,17,2,8/27/2010 0:00
8520,16,4,17,5,2/9/2010 0:00
8521,16,4,17,6,8/27/2010 0:00
8522,16,4,13,1,8/27/2010 0:00
8523,16,4,13,2,8/27/2010 0:00
8524,16,4,13,5,8/27/2010 0:00
8525,16,4,13,6,8/27/2010 0:00
8526,16,4,1,1,8/27/2010 0:00
8527,16,4,1,2,9/27/2010 0:00
8528,16,4,1,5,8/27/2010 0:00
8529,16,4,1,6,9/27/2010 0:00
8530,16,4,7,1,10/11/2010 0:00
8531,16,4,7,2,11/9/2010 0:00
8532,16,4,7,5,9/27/2010 0:00
8533,16,4,7,6,10/27/2010 0:00
8534,16,4,2,1,11/9/2010 0:00
8535,16,4,2,2,11/12/2010 0:00
8536,16,4,2,5,10/27/2010 0:00
8537,16,4,2,6,11/12/2010 0:00
8538,16,4,4,1,11/12/2010 0:00
8539,16,4,4,2,11/16/2010 0:00
8540,16,4,4,5,11/12/2010 0:00
8541,16,4,4,6,11/16/2010 0:00
8542,19,3,17,1,6/15/2009 0:00
8543,19,3,17,2,2/1/2010 0:00
8544,19,3,17,3,6/15/2009 0:00
8545,19,3,17,5,6/15/2009 0:00
8546,19,3,17,6,2/1/2010 0:00
8547,19,3,15,1,2/1/2010 0:00
8548,19,3,15,2,2/1/2010 0:00
8549,19,3,15,5,2/1/2010 0:00
8550,19,3,15,6,2/1/2010 0:00
8551,19,3,1,1,2/1/2010 0:00
8552,19,3,1,2,2/15/2010 0:00
8553,19,3,1,5,2/1/2010 0:00
8554,19,3,1,6,3/1/2010 0:00
8555,19,3,7,1,3/1/2010 0:00
8556,19,3,7,2,5/17/2010 0:00
8557,19,3,7,5,3/1/2010 0:00
8558,19,3,7,6,4/30/2010 0:00
8559,19,3,2,1,5/17/2010 0:00
8560,19,3,2,2,5/24/2010 0:00
8561,19,3,2,5,4/30/2010 0:00
8562,19,3,2,6,5/24/2010 0:00
8563,19,3,4,1,5/24/2010 0:00
8564,19,3,4,2,5/31/2010 0:00
8565,19,3,4,5,5/24/2010 0:00
8566,19,3,4,6,5/31/2010 0:00
8567,19,3,9,1,6/30/2010 0:00
8568,19,3,9,2,6/30/2010 0:00
8569,19,3,9,5,6/30/2010 0:00
8570,19,3,9,6,6/30/2010 0:00
8571,19,4,8,1,6/1/2010 0:00
8572,19,4,8,2,8/15/2010 0:00
8573,19,4,8,5,5/31/2010 0:00
8574,19,4,8,6,8/15/2010 0:00
8575,19,4,17,1,6/30/2010 0:00
8576,19,4,17,2,12/1/2010 0:00
8577,19,4,17,5,6/30/2010 0:00
8578,19,4,17,6,11/24/2010 0:00
8579,19,4,13,1,12/1/2010 0:00
8580,19,4,13,2,12/1/2010 0:00
8581,19,4,13,5,11/24/2010 0:00
8582,19,4,13,6,11/24/2010 0:00
8583,19,4,1,1,12/1/2010 0:00
8584,19,4,1,2,12/15/2010 0:00
8585,19,4,1,5,11/24/2010 0:00
8586,19,4,1,6,12/7/2010 0:00
8587,19,4,7,1,1/1/2011 0:00
8588,19,4,7,2,3/17/2011 0:00
8589,19,4,7,5,12/31/2010 0:00
8590,19,4,7,6,3/16/2011 0:00
8591,19,4,2,1,3/17/2011 0:00
8592,19,4,2,2,3/24/2011 0:00
8593,19,4,2,5,3/16/2011 0:00
8594,19,4,2,6,3/24/2011 0:00
8595,19,4,4,1,3/24/2011 0:00
8596,19,4,4,2,3/31/2011 0:00
8597,19,4,4,5,3/24/2011 0:00
8598,19,4,4,6,3/31/2011 0:00
8599,37,2,5,1,12/30/1899 0:00:00
8600,37,2,5,2,2/14/1900 0:00
8601,37,2,5,5,12/30/1899 0:00:00
8602,37,2,5,6,2/14/1900 0:00
8603,37,2,17,1,12/30/1899 0:00:00
8604,37,2,17,2,12/14/2010 0:00
8605,37,2,17,5,12/30/1899 0:00:00
8606,37,2,17,6,11/30/2010 0:00
8607,37,2,16,1,12/14/2010 0:00
8608,37,2,16,2,12/14/2010 0:00
8609,37,2,16,5,11/30/2010 0:00
8610,37,2,16,6,11/30/2010 0:00
8611,37,2,1,1,12/14/2010 0:00
8612,37,2,1,2,12/31/2010 0:00
8613,37,2,1,5,11/30/2010 0:00
8614,37,2,1,6,12/17/2010 0:00
8615,37,2,7,1,1/10/2011 0:00
8616,37,2,7,2,1/28/2011 0:00
8617,37,2,7,5,12/17/2010 0:00
8618,37,2,7,6,1/4/2011 0:00
8619,37,2,3,1,1/28/2011 0:00
8620,37,2,3,2,2/2/2011 0:00
8621,37,2,3,5,1/4/2011 0:00
8622,37,2,3,6,1/9/2011 0:00
8623,37,2,4,1,2/2/2011 0:00
8624,37,2,4,2,2/14/2011 0:00
8625,37,2,4,5,1/9/2011 0:00
8626,37,2,4,6,1/21/2011 0:00
8627,37,2,12,1,3/16/2011 0:00
8628,37,2,12,2,3/16/2011 0:00
8629,37,2,12,5,2/20/2011 0:00
8630,37,2,12,6,2/20/2011 0:00
8631,37,3,11,1,2/14/2011 0:00
8632,37,3,11,2,4/15/2011 0:00
8633,37,3,11,5,1/21/2011 0:00
8634,37,3,11,6,3/22/2011 0:00
8635,37,3,17,1,3/16/2011 0:00
8636,37,3,17,2,8/3/2011 0:00
8637,37,3,17,5,2/20/2011 0:00
8638,37,3,17,6,7/10/2011 0:00
8639,37,3,15,1,8/3/2011 0:00
8640,37,3,15,2,8/3/2011 0:00
8641,37,3,15,5,7/10/2011 0:00
8642,37,3,15,6,7/10/2011 0:00
8643,37,3,1,1,8/3/2011 0:00
8644,37,3,1,2,8/18/2011 0:00
8645,37,3,1,5,7/10/2011 0:00
8646,37,3,1,6,7/25/2011 0:00
8647,37,3,7,1,8/25/2011 0:00
8648,37,3,7,2,9/8/2011 0:00
8649,37,3,7,5,7/25/2011 0:00
8650,37,3,7,6,8/8/2011 0:00
8651,37,3,10,1,9/8/2011 0:00
8652,37,3,10,2,9/24/2011 0:00
8653,37,3,10,5,8/8/2011 0:00
8654,37,3,10,6,8/24/2011 0:00
8655,37,3,2,1,9/24/2011 0:00
8656,37,3,2,2,10/1/2011 0:00
8657,37,3,2,5,8/24/2011 0:00
8658,37,3,2,6,8/31/2011 0:00
8659,37,3,4,1,10/1/2011 0:00
8660,37,3,4,2,10/15/2011 0:00
8661,37,3,4,5,8/31/2011 0:00
8662,37,3,4,6,9/14/2011 0:00
8663,37,3,9,1,11/15/2011 0:00
8664,37,3,9,2,11/15/2011 0:00
8665,37,3,9,5,10/15/2011 0:00
8666,37,3,9,6,10/15/2011 0:00
8667,37,4,8,1,10/15/2011 0:00
8668,37,4,8,2,12/14/2011 0:00
8669,37,4,8,5,9/14/2011 0:00
8670,37,4,8,6,11/13/2011 0:00
8671,37,4,17,1,11/15/2011 0:00
8672,37,4,17,2,3/28/2012 0:00
8673,37,4,17,5,10/15/2011 0:00
8674,37,4,17,6,2/26/2012 0:00
8675,37,4,13,1,3/28/2012 0:00
8676,37,4,13,2,3/28/2012 0:00
8677,37,4,13,5,2/26/2012 0:00
8678,37,4,13,6,2/26/2012 0:00
8679,37,4,1,1,3/28/2012 0:00
8680,37,4,1,2,4/30/2012 0:00
8681,37,4,1,5,2/26/2012 0:00
8682,37,4,1,6,3/30/2012 0:00
8683,37,4,7,1,5/28/2012 0:00
8684,37,4,7,2,7/16/2012 0:00
8685,37,4,7,5,3/30/2012 0:00
8686,37,4,7,6,5/18/2012 0:00
8687,37,4,10,1,7/16/2012 0:00
8688,37,4,10,2,9/3/2012 0:00
8689,37,4,10,5,5/18/2012 0:00
8690,37,4,10,6,7/6/2012 0:00
8691,37,4,2,1,9/3/2012 0:00
8692,37,4,2,2,9/17/2012 0:00
8693,37,4,2,5,7/6/2012 0:00
8694,37,4,2,6,7/20/2012 0:00
8695,37,4,4,1,9/17/2012 0:00
8696,37,4,4,2,10/1/2012 0:00
8697,37,4,4,5,7/20/2012 0:00
8698,37,4,4,6,8/3/2012 0:00
8699,1,3,17,3,4/1/2008 0:00
8700,1,3,17,4,7/17/2008 0:00
8701,1,3,15,3,7/17/2008 0:00
8702,1,3,15,4,7/17/2008 0:00
8703,1,3,1,3,7/17/2008 0:00
8704,1,3,1,4,8/14/2008 0:00
8705,1,3,7,3,8/26/2008 0:00
8706,1,3,7,4,11/24/2008 0:00
8707,1,3,2,3,3/31/2009 0:00
8708,1,3,2,4,6/30/2009 0:00
8709,1,3,4,3,6/30/2009 0:00
8710,1,3,4,4,7/10/2009 0:00
8711,1,3,9,3,12/19/2008 0:00
8712,1,3,9,4,12/19/2008 0:00
8713,1,4,8,3,7/10/2009 0:00
8714,1,4,8,4,9/22/2009 0:00
8715,1,4,17,3,7/10/2009 0:00
8716,1,4,1,3,9/9/2009 0:00
8717,1,4,1,4,10/1/2009 0:00
8718,1,4,7,3,11/9/2009 0:00
8719,1,4,7,6,12/4/2009 0:00
8720,1,4,2,5,12/4/2009 0:00
8721,1,4,2,6,12/8/2009 0:00
8722,1,4,4,5,12/4/2009 0:00
8723,1,4,4,6,12/22/2009 0:00
8724,11,4,17,5,12/1/2009 0:00
8725,11,4,17,6,4/2/2010 0:00
8726,11,4,13,5,4/2/2010 0:00
8727,11,4,13,6,4/2/2010 0:00
8728,11,4,1,5,4/2/2010 0:00
8729,11,4,1,6,5/5/2010 0:00
8730,11,4,7,5,5/5/2010 0:00
8731,11,4,7,6,6/9/2010 0:00
8732,11,4,2,5,6/9/2010 0:00
8733,11,4,2,6,6/16/2010 0:00
8734,11,4,4,5,6/16/2010 0:00
8735,11,4,4,6,6/30/2010 0:00
8736,4,1,17,1,5/7/2007 8:00
8737,4,1,17,2,7/10/2007 17:00
8738,4,1,17,3,5/7/2007 0:00
8739,4,1,14,1,5/7/2007 8:00
8740,4,1,14,2,6/6/2007 17:00
8741,4,1,1,1,6/7/2007 8:00
8742,4,1,1,2,6/12/2007 17:00
8743,4,1,7,1,6/14/2007 8:00
8744,4,1,7,2,6/29/2007 17:00
8745,4,1,3,4,8/3/2007 0:00
8746,4,1,4,1,6/4/2007 8:00
8747,4,1,4,2,7/9/2007 17:00
8748,4,1,4,3,8/3/2007 0:00
8749,4,1,4,4,8/10/2007 0:00
8750,4,1,6,1,9/13/2007 0:00
8751,4,1,6,2,9/13/2007 0:00
8752,4,1,6,3,9/13/2007 0:00
8753,4,1,6,4,9/13/2007 0:00
8754,4,2,5,1,7/9/2007 17:00
8755,4,2,5,2,8/23/2007 17:00
8756,4,2,5,3,9/13/2007 0:00
8757,4,2,5,4,9/28/2007 0:00
8758,4,2,17,1,9/13/2007 0:00
8759,4,2,17,2,3/26/2008 13:00
8760,4,2,16,1,3/26/2008 13:00
8761,4,2,16,2,5/21/2008 0:00
8762,4,2,16,4,5/20/2008 0:00
8763,4,2,1,1,3/26/2008 13:00
8764,4,2,1,2,5/25/2008 0:00
8765,4,2,1,3,6/5/2008 0:00
8766,4,2,1,4,7/16/2008 0:00
8767,4,2,7,1,6/2/2008 0:00
8768,4,2,7,2,7/31/2008 12:00
8769,4,2,7,3,7/23/2008 0:00
8770,4,2,7,4,10/20/2008 0:00
8771,4,2,3,1,7/28/2008 0:00
8772,4,2,3,2,8/5/2008 0:00
8773,4,2,3,4,12/19/2008 0:00
8774,4,2,4,1,8/1/2008 8:00
8775,4,2,4,2,9/11/2008 12:00
8776,4,2,4,3,12/19/2008 0:00
8777,4,2,4,4,12/30/2008 0:00
8778,4,2,12,1,10/25/2008 13:00
8779,4,2,12,2,10/26/2008 12:00
8780,4,2,12,3,1/30/2009 0:00
8781,4,2,12,4,1/30/2009 0:00
8782,4,3,11,1,9/11/2008 0:00
8783,4,3,11,2,11/25/2008 0:00
8784,4,3,11,3,12/30/2008 0:00
8785,4,3,11,4,3/2/2009 0:00
8786,4,3,17,1,10/26/2008 12:00
8787,4,3,17,2,6/1/2009 0:00
8788,4,3,15,1,6/1/2009 0:00
8789,4,3,15,2,6/1/2009 0:00
8790,4,3,15,3,6/1/2009 0:00
8791,4,3,15,4,6/1/2009 0:00
8792,4,3,1,1,6/1/2009 0:00
8793,4,3,1,2,6/17/2009 0:00
8794,4,3,1,3,7/9/2009 0:00
8795,4,3,1,4,8/14/2009 0:00
8796,4,3,7,1,6/23/2009 0:00
8797,4,3,7,2,7/21/2009 0:00
8798,4,3,7,3,10/1/2009 0:00
8799,4,3,7,4,10/28/2009 0:00
8800,4,3,10,1,7/21/2009 0:00
8801,4,3,10,2,8/18/2009 0:00
8802,4,3,2,1,8/18/2009 0:00
8803,4,3,2,2,8/31/2009 0:00
8804,4,3,2,3,10/27/2009 0:00
8805,4,3,2,4,10/27/2009 0:00
8806,4,3,4,1,8/31/2009 0:00
8807,4,3,4,2,9/14/2009 0:00
8808,4,3,4,3,11/17/2009 0:00
8809,4,3,4,4,11/24/2009 0:00
8810,4,3,9,1,10/14/2009 0:00
8811,4,3,9,2,10/14/2009 0:00
8812,4,3,9,5,12/17/2009 0:00
8813,4,3,9,6,12/17/2009 0:00
8814,4,4,8,1,9/14/2009 0:00
8815,4,4,8,2,11/14/2009 0:00
8816,4,4,8,5,11/24/2009 0:00
8817,4,4,8,6,1/25/2010 0:00
8818,4,4,17,1,10/14/2009 0:00
8819,4,4,17,2,12/28/2009 0:00
8820,4,4,17,5,12/17/2009 0:00
8821,4,4,17,6,1/29/2010 0:00
8822,4,4,13,1,12/28/2009 0:00
8823,4,4,13,2,12/28/2009 0:00
8824,4,4,13,5,1/29/2010 0:00
8825,4,4,13,6,1/29/2010 0:00
8826,4,4,1,1,12/28/2009 0:00
8827,4,4,1,2,1/7/2010 0:00
8828,4,4,1,5,1/29/2010 0:00
8829,4,4,1,6,2/3/2010 0:00
8830,4,4,7,1,1/13/2010 0:00
8831,4,4,7,2,2/2/2010 0:00
8832,4,4,7,5,2/3/2010 0:00
8833,4,4,7,6,2/9/2010 0:00
8834,4,4,10,1,2/2/2010 0:00
8835,4,4,10,2,2/22/2010 0:00
8836,4,4,10,5,2/9/2010 0:00
8837,4,4,10,6,2/16/2010 0:00
8838,4,4,2,1,2/22/2010 0:00
8839,4,4,2,2,2/26/2010 0:00
8840,4,4,2,5,2/16/2010 0:00
8841,4,4,2,6,2/16/2010 0:00
8842,4,4,4,1,2/26/2010 0:00
8843,4,4,4,2,3/12/2010 0:00
8844,4,4,4,5,2/16/2010 0:00
8845,4,4,4,6,2/26/2010 0:00
8846,6,3,17,3,3/1/2009 0:00
8847,6,3,17,4,5/7/2009 0:00
8848,6,3,15,3,5/7/2009 0:00
8849,6,3,15,4,5/7/2009 0:00
8850,6,3,1,3,5/7/2009 0:00
8851,6,3,1,4,6/8/2009 0:00
8852,6,3,7,3,6/22/2009 0:00
8853,6,3,7,6,1/15/2010 0:00
8854,6,3,2,5,1/15/2010 0:00
8855,6,3,2,6,1/19/2010 0:00
8856,6,3,4,5,1/19/2010 0:00
8857,6,3,4,6,1/29/2010 0:00
8858,6,3,9,5,2/6/2010 0:00
8859,6,3,9,6,2/6/2010 0:00
8860,6,4,8,5,1/29/2010 0:00
8861,6,4,8,6,4/14/2010 0:00
8862,6,4,17,5,2/6/2010 0:00
8863,6,4,17,6,3/5/2010 0:00
8864,6,4,13,5,3/5/2010 0:00
8865,6,4,13,6,3/5/2010 0:00
8866,6,4,1,5,3/5/2010 0:00
8867,6,4,1,6,3/15/2010 0:00
8868,6,4,7,5,3/15/2010 0:00
8869,6,4,7,6,3/25/2010 0:00
8870,6,4,2,5,3/25/2010 0:00
8871,6,4,2,6,3/28/2010 0:00
8872,6,4,4,5,3/28/2010 0:00
8873,6,4,4,6,3/31/2010 0:00
8874,3,3,17,3,6/1/2008 0:00
8875,3,3,17,4,9/2/2008 0:00
8876,3,3,15,3,9/2/2008 0:00
8877,3,3,15,4,9/2/2008 0:00
8878,3,3,1,3,9/9/2008 0:00
8879,3,3,1,4,12/2/2008 0:00
8880,3,3,7,3,12/29/2008 0:00
8881,3,3,7,4,6/23/2009 0:00
8882,3,3,2,3,6/23/2009 0:00
8883,3,3,2,4,7/9/2009 0:00
8884,3,3,4,3,7/20/2009 0:00
8885,3,3,4,4,7/27/2009 0:00
8886,3,3,9,3,8/18/2009 0:00
8887,3,3,9,4,8/18/2009 0:00
8888,3,4,8,3,7/27/2009 0:00
8889,3,4,8,4,10/13/2009 0:00
8890,3,4,17,5,7/27/2009 0:00
8891,3,4,17,6,12/1/2009 0:00
8892,3,4,13,5,12/1/2009 0:00
8893,3,4,13,6,12/1/2009 0:00
8894,3,4,1,5,12/1/2009 0:00
8895,3,4,1,6,12/15/2009 0:00
8896,3,4,7,5,12/15/2009 0:00
8897,3,4,7,6,1/29/2010 0:00
8898,3,4,2,5,1/29/2010 0:00
8899,3,4,2,6,2/15/2010 0:00
8900,3,4,4,5,2/15/2010 0:00
8901,3,4,4,6,2/22/2010 0:00
8902,43,1,17,1,11/1/2009 0:00
8903,43,1,17,2,12/31/2009 0:00
8904,43,1,17,3,11/1/2009 0:00
8905,43,1,17,5,11/1/2009 0:00
8906,43,1,17,6,12/31/2009 0:00
8907,43,1,14,1,12/31/2009 0:00
8908,43,1,14,2,12/31/2009 0:00
8909,43,1,14,5,12/31/2009 0:00
8910,43,1,14,6,12/31/2009 0:00
8911,43,1,1,1,12/31/2009 0:00
8912,43,1,1,2,1/20/2010 0:00
8913,43,1,1,5,12/31/2009 0:00
8914,43,1,1,6,1/20/2010 0:00
8915,43,1,7,1,2/3/2010 0:00
8916,43,1,7,2,3/3/2010 0:00
8917,43,1,7,5,1/20/2010 0:00
8918,43,1,7,6,2/17/2010 0:00
8919,43,1,3,1,3/3/2010 0:00
8920,43,1,3,2,3/10/2010 0:00
8921,43,1,3,5,2/17/2010 0:00
8922,43,1,3,6,2/24/2010 0:00
8923,43,1,4,1,3/10/2010 0:00
8924,43,1,4,2,3/24/2010 0:00
8925,43,1,4,5,2/24/2010 0:00
8926,43,1,4,6,3/10/2010 0:00
8927,43,1,6,1,4/7/2010 0:00
8928,43,1,6,2,4/7/2010 0:00
8929,43,1,6,5,3/24/2010 0:00
8930,43,1,6,6,3/24/2010 0:00
8931,43,2,5,1,3/24/2010 0:00
8932,43,2,5,2,5/8/2010 0:00
8933,43,2,5,5,3/10/2010 0:00
8934,43,2,5,6,4/24/2010 0:00
8935,43,2,17,1,4/7/2010 0:00
8936,43,2,17,2,3/24/2011 0:00
8937,43,2,17,5,3/24/2010 0:00
8938,43,2,17,6,3/10/2011 0:00
8939,43,2,16,1,3/24/2011 0:00
8940,43,2,16,2,3/24/2011 0:00
8941,43,2,16,5,3/10/2011 0:00
8942,43,2,16,6,3/10/2011 0:00
8943,43,2,1,1,3/24/2011 0:00
8944,43,2,1,2,4/23/2011 0:00
8945,43,2,1,5,3/10/2011 0:00
8946,43,2,1,6,4/9/2011 0:00
8947,43,2,7,1,5/7/2011 0:00
8948,43,2,7,2,6/21/2011 0:00
8949,43,2,7,5,4/9/2011 0:00
8950,43,2,7,6,5/24/2011 0:00
8951,43,2,3,1,6/21/2011 0:00
8952,43,2,3,2,6/28/2011 0:00
8953,43,2,3,5,5/24/2011 0:00
8954,43,2,3,6,5/31/2011 0:00
8955,43,2,4,1,6/28/2011 0:00
8956,43,2,4,2,7/11/2011 0:00
8957,43,2,4,5,5/31/2011 0:00
8958,43,2,4,6,6/13/2011 0:00
8959,43,2,12,1,8/10/2011 0:00
8960,43,2,12,2,8/10/2011 0:00
8961,43,2,12,5,7/13/2011 0:00
8962,43,2,12,6,7/13/2011 0:00
8963,43,3,11,1,7/11/2011 0:00
8964,43,3,11,2,9/9/2011 0:00
8965,43,3,11,5,6/13/2011 0:00
8966,43,3,11,6,8/12/2011 0:00
8967,43,3,17,1,8/10/2011 0:00
8968,43,3,17,2,1/17/2012 0:00
8969,43,3,17,5,7/13/2011 0:00
8970,43,3,17,6,12/20/2011 0:00
8971,43,3,15,1,1/17/2012 0:00
8972,43,3,15,2,1/17/2012 0:00
8973,43,3,15,5,12/20/2011 0:00
8974,43,3,15,6,12/20/2011 0:00
8975,43,3,1,1,1/17/2012 0:00
8976,43,3,1,2,2/16/2012 0:00
8977,43,3,1,5,12/20/2011 0:00
8978,43,3,1,6,1/19/2012 0:00
8979,43,3,7,1,3/1/2012 0:00
8980,43,3,7,2,4/15/2012 0:00
8981,43,3,7,5,1/19/2012 0:00
8982,43,3,7,6,3/4/2012 0:00
8983,43,3,10,1,4/15/2012 0:00
8984,43,3,10,2,5/15/2012 0:00
8985,43,3,10,5,3/4/2012 0:00
8986,43,3,10,6,4/3/2012 0:00
8987,43,3,2,1,5/15/2012 0:00
8988,43,3,2,2,5/22/2012 0:00
8989,43,3,2,5,4/3/2012 0:00
8990,43,3,2,6,4/10/2012 0:00
8991,43,3,4,1,5/22/2012 0:00
8992,43,3,4,2,6/5/2012 0:00
8993,43,3,4,5,4/10/2012 0:00
8994,43,3,4,6,4/24/2012 0:00
8995,43,3,9,1,7/6/2012 0:00
8996,43,3,9,2,7/6/2012 0:00
8997,43,3,9,5,5/25/2012 0:00
8998,43,3,9,6,5/25/2012 0:00
8999,43,4,8,1,6/5/2012 0:00
9000,43,4,8,2,8/4/2012 0:00
9001,43,4,8,5,4/24/2012 0:00
9002,43,4,8,6,6/23/2012 0:00
9003,43,4,17,1,7/6/2012 0:00
9004,43,4,17,2,9/16/2012 0:00
9005,43,4,17,5,5/25/2012 0:00
9006,43,4,17,6,9/16/2012 0:00
9007,43,4,13,1,9/16/2012 0:00
9008,43,4,13,2,9/16/2012 0:00
9009,43,4,13,5,9/16/2012 0:00
9010,43,4,13,6,9/16/2012 0:00
9011,43,4,1,1,9/16/2012 0:00
9012,43,4,1,2,10/6/2012 0:00
9013,43,4,1,5,9/16/2012 0:00
9014,43,4,1,6,10/6/2012 0:00
9015,43,4,7,1,10/13/2012 0:00
9016,43,4,7,2,11/12/2012 0:00
9017,43,4,7,5,10/13/2012 0:00
9018,43,4,7,6,11/12/2012 0:00
9019,43,4,10,1,11/12/2012 0:00
9020,43,4,10,2,12/12/2012 0:00
9021,43,4,10,5,11/12/2012 0:00
9022,43,4,10,6,12/12/2012 0:00
9023,43,4,2,1,12/12/2012 0:00
9024,43,4,2,2,12/19/2012 0:00
9025,43,4,2,5,12/12/2012 0:00
9026,43,4,2,6,12/19/2012 0:00
9027,43,4,4,1,12/19/2012 0:00
9028,43,4,4,2,1/2/2013 0:00
9029,43,4,4,5,12/19/2012 0:00
9030,43,4,4,6,1/2/2013 0:00
9031,7,3,11,4,3/9/2009 0:00
9032,7,3,17,1,3/9/2009 0:00
9033,7,3,17,2,5/1/2009 0:00
9034,7,3,17,3,3/9/2009 0:00
9035,7,3,17,4,6/12/2009 0:00
9036,7,3,15,1,5/10/2009 0:00
9037,7,3,15,2,5/10/2009 0:00
9038,7,3,15,3,6/12/2009 0:00
9039,7,3,15,4,6/12/2009 0:00
9040,7,3,1,1,5/10/2009 0:00
9041,7,3,1,2,5/26/2009 0:00
9042,7,3,1,3,7/9/2009 0:00
9043,7,3,1,4,9/14/2009 0:00
9044,7,3,7,1,6/2/2009 0:00
9045,7,3,7,2,6/25/2009 0:00
9046,7,3,7,3,11/9/2009 0:00
9047,7,3,7,6,1/8/2010 0:00
9048,7,3,2,1,6/25/2009 0:00
9049,7,3,2,2,7/2/2009 0:00
9050,7,3,2,5,1/8/2010 0:00
9051,7,3,2,6,1/12/2010 0:00
9052,7,3,4,1,7/2/2009 0:00
9053,7,3,4,2,7/30/2009 0:00
9054,7,3,4,5,1/12/2010 0:00
9055,7,3,4,6,1/29/2010 0:00
9056,7,4,17,1,8/31/2009 0:00
9057,7,4,17,2,11/10/2009 0:00
9058,7,4,17,5,1/8/2009 0:00
9059,7,4,17,6,2/15/2010 0:00
9060,7,4,13,1,11/10/2009 0:00
9061,7,4,13,2,11/10/2009 0:00
9062,7,4,13,5,2/15/2010 0:00
9063,7,4,13,6,2/15/2010 0:00
9064,7,4,1,1,11/10/2009 0:00
9065,7,4,1,2,12/10/2009 0:00
9066,7,4,1,5,2/15/2010 0:00
9067,7,4,1,6,2/26/2010 0:00
9068,7,4,7,1,12/24/2009 0:00
9069,7,4,7,2,1/29/2010 0:00
9070,7,4,7,5,2/26/2010 0:00
9071,7,4,7,6,3/15/2010 0:00
9072,7,4,2,1,1/29/2010 0:00
9073,7,4,2,2,2/5/2010 0:00
9074,7,4,2,5,3/15/2010 0:00
9075,7,4,2,6,3/30/2010 0:00
9076,7,4,4,1,2/5/2010 0:00
9077,7,4,4,2,2/26/2010 0:00
9078,7,4,4,5,3/30/2010 0:00
9079,7,4,4,6,4/5/2010 0:00
9080,83,3,15,1,4/25/2008 0:00
9081,83,3,15,2,4/25/2008 0:00
9082,83,3,1,1,4/25/2008 0:00
9083,83,3,1,2,5/13/2008 0:00
9084,83,3,1,3,5/23/2008 0:00
9085,83,3,1,4,6/9/2008 0:00
9086,83,3,7,1,5/20/2008 0:00
9087,83,3,7,2,6/19/2008 0:00
9088,83,3,7,3,6/26/2008 0:00
9089,83,3,7,4,12/10/2008 0:00
9090,83,3,2,1,6/19/2008 0:00
9091,83,3,2,2,7/18/2008 0:00
9092,83,3,2,3,12/10/2008 0:00
9093,83,3,2,4,1/8/2009 0:00
9094,83,3,4,1,7/18/2008 0:00
9095,83,3,4,2,7/31/2008 0:00
9096,83,3,4,3,1/8/2009 0:00
9097,83,3,4,4,1/21/2009 0:00
9098,83,3,9,1,9/9/2008 0:00
9099,83,3,9,2,9/9/2008 0:00
9100,83,4,8,1,7/31/2008 0:00
9101,83,4,8,2,10/13/2008 0:00
9102,83,4,8,3,1/21/2009 0:00
9103,83,4,8,4,4/6/2009 0:00
9104,83,4,17,1,9/9/2008 0:00
9105,83,4,17,2,11/26/2008 0:00
9106,83,4,17,3,1/21/2009 0:00
9107,83,4,17,4,4/16/2008 0:00
9108,83,4,13,1,11/26/2008 0:00
9109,83,4,13,2,11/26/2008 0:00
9110,83,4,1,1,11/26/2008 0:00
9111,83,4,1,2,12/21/2008 0:00
9112,83,4,1,3,4/16/2009 0:00
9113,83,4,1,4,6/8/2009 0:00
9114,83,4,7,1,12/28/2008 0:00
9115,83,4,7,2,2/2/2009 0:00
9116,83,4,7,3,6/22/2009 0:00
9117,83,4,7,4,8/26/2009 0:00
9118,83,4,2,1,2/2/2009 0:00
9119,83,4,2,2,3/3/2009 0:00
9120,83,4,2,3,8/26/2009 0:00
9121,83,4,2,4,9/17/2009 0:00
9122,83,4,4,1,3/3/2009 0:00
9123,83,4,4,2,3/16/2009 0:00
9124,83,4,4,3,10/15/2009 0:00
9125,83,4,4,4,10/22/2009 0:00
9126,26,1,6,3,10/1/2009 0:00
9127,26,1,6,4,10/1/2009 0:00
9128,26,2,17,1,10/1/2009 0:00
9129,26,2,17,2,11/18/2009 0:00
9130,26,2,17,5,10/1/2009 0:00
9131,26,2,17,6,11/18/2009 0:00
9132,26,2,16,1,11/18/2009 0:00
9133,26,2,16,2,11/18/2009 0:00
9134,26,2,16,3,11/18/2009 0:00
9135,26,2,16,4,11/18/2009 0:00
9136,26,2,16,5,11/18/2009 0:00
9137,26,2,16,6,11/18/2009 0:00
9138,26,2,1,1,11/18/2009 0:00
9139,26,2,1,2,12/7/2009 0:00
9140,26,2,1,5,11/18/2009 0:00
9141,26,2,1,6,12/7/2009 0:00
9142,26,2,7,1,12/18/2009 0:00
9143,26,2,7,2,1/15/2010 0:00
9144,26,2,7,5,12/8/2009 0:00
9145,26,2,7,6,1/15/2010 0:00
9146,26,2,3,1,1/18/2010 0:00
9147,26,2,3,2,1/25/2010 0:00
9148,26,2,3,5,1/18/2010 0:00
9149,26,2,3,6,1/25/2010 0:00
9150,26,2,4,1,1/26/2010 0:00
9151,26,2,4,2,2/9/2010 0:00
9152,26,2,4,5,1/26/2010 0:00
9153,26,2,4,6,2/9/2010 0:00
9154,26,3,17,1,2/22/2010 0:00
9155,26,3,17,2,9/24/2010 0:00
9156,26,3,17,5,2/22/2010 0:00
9157,26,3,17,6,9/24/2010 0:00
9158,26,3,15,1,9/24/2010 0:00
9159,26,3,15,2,9/24/2010 0:00
9160,26,3,15,5,9/24/2010 0:00
9161,26,3,15,6,9/24/2010 0:00
9162,26,3,1,1,9/24/2010 0:00
9163,26,3,1,2,10/7/2010 0:00
9164,26,3,1,5,9/24/2010 0:00
9165,26,3,1,6,10/7/2010 0:00
9166,26,3,7,1,10/18/2010 0:00
9167,26,3,7,2,11/15/2010 0:00
9168,26,3,7,5,10/8/2010 0:00
9169,26,3,7,6,11/6/2010 0:00
9170,26,3,10,1,10/25/2010 0:00
9171,26,3,10,2,11/25/2010 0:00
9172,26,3,10,5,10/15/2010 0:00
9173,26,3,10,6,11/15/2010 0:00
9174,26,3,2,1,11/26/2010 0:00
9175,26,3,2,2,12/3/2010 0:00
9176,26,3,2,5,11/16/2010 0:00
9177,26,3,2,6,11/23/2010 0:00
9178,26,3,4,1,12/3/2010 0:00
9179,26,3,4,2,12/17/2010 0:00
9180,26,3,4,5,11/23/2010 0:00
9181,26,3,4,6,12/7/2010 0:00
9182,26,3,9,1,1/13/2011 0:00
9183,26,3,9,2,1/13/2011 0:00
9184,26,3,9,5,1/3/2011 0:00
9185,26,3,9,6,1/3/2011 0:00
9186,26,4,17,1,1/13/2011 0:00
9187,26,4,17,2,5/16/2011 0:00
9188,26,4,17,5,1/3/2011 0:00
9189,26,4,17,6,5/16/2011 0:00
9190,26,4,13,1,5/16/2011 0:00
9191,26,4,13,2,5/16/2011 0:00
9192,26,4,13,5,5/16/2011 0:00
9193,26,4,13,6,5/16/2011 0:00
9194,26,4,1,1,5/16/2011 0:00
9195,26,4,1,2,5/31/2011 0:00
9196,26,4,1,5,5/16/2011 0:00
9197,26,4,1,6,5/31/2011 0:00
9198,26,4,7,1,6/15/2011 0:00
9199,26,4,7,2,7/13/2011 0:00
9200,26,4,7,5,5/31/2011 0:00
9201,26,4,7,6,6/28/2011 0:00
9202,26,4,10,1,6/29/2011 0:00
9203,26,4,10,2,7/29/2011 0:00
9204,26,4,10,5,6/29/2011 0:00
9205,26,4,10,6,7/29/2011 0:00
9206,26,4,2,1,8/1/2011 0:00
9207,26,4,2,2,8/5/2011 0:00
9208,26,4,2,5,8/1/2011 0:00
9209,26,4,2,6,8/5/2011 0:00
9210,26,4,4,1,8/5/2011 0:00
9211,26,4,4,2,8/19/2011 0:00
9212,26,4,4,5,8/5/2011 0:00
9213,26,4,4,6,8/19/2011 0:00
9214,36,1,17,5,4/3/2009 12:00
9215,36,1,4,6,7/5/2009 12:00
9216,36,2,4,6,12/27/2010 12:00
9217,36,3,4,6,11/18/2011 0:00
9218,36,4,4,6,6/30/2012 0:00
9219,50,1,17,5,9/4/2010 12:00
9220,50,1,4,6,12/6/2010 12:00
9221,50,2,4,6,5/29/2012 12:00
9222,50,3,4,6,4/20/2013 0:00
9223,50,4,4,6,12/1/2013 0:00
9224,39,3,4,6,2/19/2012 0:00
9225,39,4,4,6,10/1/2012 0:00
9226,64,1,17,5,2/21/2012 12:00
9227,64,1,4,6,5/24/2012 12:00
9228,64,2,4,6,11/15/2013 12:00
9229,64,3,4,6,10/7/2014 0:00
9230,64,4,4,6,10/7/2016 0:00
9231,81,1,17,1,1/2/2006 0:00
9232,81,1,17,2,2/27/2006 0:00
9233,81,1,17,3,1/2/2006 0:00
9234,81,1,14,1,2/28/2006 0:00
9235,81,1,14,2,2/28/2006 0:00
9236,81,1,1,1,2/28/2006 0:00
9237,81,1,1,2,3/3/2006 0:00
9238,81,1,7,1,3/7/2006 0:00
9239,81,1,7,2,3/20/2006 0:00
9240,81,1,3,1,3/20/2006 0:00
9241,81,1,3,2,3/23/2006 0:00
9242,81,1,4,1,3/23/2006 0:00
9243,81,1,4,2,3/27/2006 0:00
9244,81,1,4,4,3/27/2006 0:00
9245,81,1,6,1,4/27/2006 0:00
9246,81,1,6,2,4/27/2006 0:00
9247,81,2,5,1,3/27/2006 0:00
9248,81,2,5,2,5/11/2006 0:00
9249,81,2,17,1,4/27/2006 0:00
9250,81,2,17,2,1/29/2007 0:00
9251,81,2,16,1,1/29/2007 0:00
9252,81,2,16,2,1/29/2007 0:00
9253,81,2,1,1,1/30/2007 0:00
9254,81,2,1,2,4/26/2007 0:00
9255,81,2,7,1,5/3/2007 0:00
9256,81,2,7,2,7/5/2007 0:00
9257,81,2,3,1,7/6/2007 0:00
9258,81,2,3,2,8/6/2007 0:00
9259,81,2,4,1,8/7/2007 0:00
9260,81,2,4,2,8/15/2007 0:00
9261,81,2,4,4,11/15/2007 0:00
9262,81,2,12,1,7/6/2007 0:00
9263,81,2,12,2,7/6/2007 0:00
9264,81,3,11,1,8/15/2007 0:00
9265,81,3,11,2,10/29/2007 0:00
9266,81,3,17,1,7/6/2007 0:00
9267,81,3,17,2,2/11/2008 0:00
9268,81,3,15,1,2/11/2008 0:00
9269,81,3,15,2,2/11/2008 0:00
9270,81,3,1,1,2/11/2008 0:00
9271,81,3,1,2,3/6/2008 0:00
9272,81,3,1,3,5/9/2008 0:00
9273,81,3,1,4,6/3/2008 0:00
9274,81,3,7,1,3/13/2008 0:00
9275,81,3,7,2,4/11/2008 0:00
9276,81,3,7,3,6/12/2008 0:00
9277,81,3,7,4,9/26/2008 0:00
9278,81,3,10,1,4/14/2008 0:00
9279,81,3,10,2,7/16/2008 0:00
9280,81,3,2,1,4/14/2008 0:00
9281,81,3,2,2,5/13/2008 0:00
9282,81,3,4,1,7/17/2008 0:00
9283,81,3,4,2,7/25/2008 0:00
9284,81,3,4,4,10/17/2008 0:00
9285,81,3,9,1,8/25/2008 0:00
9286,81,3,9,2,8/25/2008 0:00
9287,81,3,9,3,11/13/2008 0:00
9288,81,3,9,4,11/13/2008 0:00
9289,81,4,8,1,7/25/2008 0:00
9290,81,4,8,2,10/8/2008 0:00
9291,81,4,17,1,8/25/2008 0:00
9292,81,4,17,2,10/30/2008 0:00
9293,81,4,13,1,10/30/2008 0:00
9294,81,4,13,2,10/30/2008 0:00
9295,81,4,1,1,10/30/2008 0:00
9296,81,4,1,2,11/3/2008 0:00
9297,81,4,1,3,2/19/2009 0:00
9298,81,4,1,4,3/9/2009 0:00
9299,81,4,7,1,11/10/2008 0:00
9300,81,4,7,2,12/9/2008 0:00
9301,81,4,10,1,12/9/2008 0:00
9302,81,4,10,2,3/19/2009 0:00
9303,81,4,2,1,12/9/2008 0:00
9304,81,4,2,2,1/14/2009 0:00
9305,81,4,2,4,3/31/2009 0:00
9306,81,4,4,1,3/19/2009 0:00
9307,81,4,4,2,3/30/2009 0:00
9308,81,4,4,3,3/31/2009 0:00
9309,81,4,4,4,4/8/2009 0:00
9310,78,3,17,1,7/15/2007 0:00
9311,78,3,17,2,7/15/2008 0:00
9312,78,3,17,3,7/15/2007 0:00
9313,78,3,17,4,7/15/2008 0:00
9314,78,3,15,1,7/15/2008 0:00
9315,78,3,15,2,7/15/2008 0:00
9316,78,3,15,3,7/15/2008 0:00
9317,78,3,15,4,7/15/2008 0:00
9318,78,3,1,1,7/15/2008 0:00
9319,78,3,1,2,8/1/2008 0:00
9320,78,3,1,3,7/15/2008 0:00
9321,78,3,7,1,9/1/2008 0:00
9322,78,3,7,2,11/24/2008 0:00
9323,78,3,7,3,9/1/2008 0:00
9324,78,3,7,4,11/24/2008 0:00
9325,78,3,10,1,11/24/2008 0:00
9326,78,3,10,2,12/1/2008 0:00
9327,78,3,10,3,11/24/2008 0:00
9328,78,3,10,4,12/1/2008 0:00
9329,78,3,2,1,12/11/2008 0:00
9330,78,3,2,2,12/11/2008 0:00
9331,78,3,2,3,12/11/2008 0:00
9332,78,3,2,4,12/11/2008 0:00
9333,78,3,4,1,12/11/2008 0:00
9334,78,3,4,2,12/22/2008 0:00
9335,78,3,4,3,12/11/2008 0:00
9336,78,3,4,4,12/22/2008 0:00
9337,78,3,9,1,1/29/2009 0:00
9338,78,3,9,2,1/29/2009 0:00
9339,78,3,9,3,1/29/2009 0:00
9340,78,3,9,4,1/29/2009 0:00
9341,78,4,8,1,12/22/2008 0:00
9342,78,4,8,2,3/9/2009 0:00
9343,78,4,8,3,12/22/2008 0:00
9344,78,4,8,4,3/9/2009 0:00
9345,78,4,17,1,1/29/2009 0:00
9346,78,4,17,2,4/10/2009 0:00
9347,78,4,13,1,4/10/2009 0:00
9348,78,4,13,2,4/10/2009 0:00
9349,78,4,13,3,4/14/2009 0:00
9350,78,4,13,4,4/14/2009 0:00
9351,78,4,1,1,4/10/2009 0:00
9352,78,4,1,2,5/1/2009 0:00
9353,78,4,1,3,5/4/2009 0:00
9354,78,4,1,4,5/21/2009 0:00
9355,78,4,7,1,5/10/2009 0:00
9356,78,4,7,2,5/31/2009 0:00
9357,78,4,7,3,6/8/2009 0:00
9358,78,4,7,4,6/25/2009 0:00
9359,78,4,2,1,5/31/2009 0:00
9360,78,4,2,2,6/30/2009 0:00
9361,78,4,2,3,6/25/2009 0:00
9362,78,4,2,4,6/30/2009 0:00
9363,78,4,4,1,6/30/2009 0:00
9364,78,4,4,2,7/11/2009 0:00
9365,78,4,4,3,6/30/2009 0:00
9366,78,4,4,4,7/7/2009 0:00
9367,79,1,4,3,6/1/2006 8:00
9368,79,1,4,4,6/1/2006 8:00
9369,79,1,6,3,6/29/2006 8:00
9370,79,1,6,4,6/29/2006 8:00
9371,79,2,5,3,6/1/2006 8:00
9372,79,2,5,4,7/13/2006 17:00
9373,79,2,17,4,9/24/2007 0:00
9374,79,2,1,1,9/24/2007 8:00
9375,79,2,1,2,11/13/2007 17:00
9376,79,2,1,3,9/24/2007 0:00
9377,79,2,1,4,12/10/2007 0:00
9378,79,2,7,1,12/3/2007 17:00
9379,79,2,7,2,1/31/2008 17:00
9380,79,2,7,3,12/10/2007 0:00
9381,79,2,7,4,3/23/2008 0:00
9382,79,2,4,1,2/29/2008 0:00
9383,79,2,4,2,2/29/2008 0:00
9384,79,2,4,3,6/16/2008 0:00
9385,79,2,4,4,6/16/2008 0:00
9386,79,3,15,3,2/9/2009 0:00
9387,79,3,15,4,2/9/2009 0:00
9388,79,3,1,1,2/13/2009 8:00
9389,79,3,1,2,2/20/2009 8:00
9390,79,3,1,3,2/10/2009 0:00
9391,79,3,1,4,3/2/2009 0:00
9392,79,3,7,1,2/20/2009 8:00
9393,79,3,7,2,3/6/2009 8:00
9394,79,3,7,3,3/12/2009 0:00
9395,79,3,7,4,5/27/2009 0:00
9396,79,3,10,1,3/6/2009 8:00
9397,79,3,10,2,3/21/2009 8:00
9398,79,3,2,1,3/21/2009 0:00
9399,79,3,2,2,3/21/2009 0:00
9400,79,3,2,4,5/22/2009 0:00
9401,79,3,4,1,3/21/2009 8:00
9402,79,3,4,2,3/21/2009 8:00
9403,79,3,4,3,5/22/2009 0:00
9404,79,3,4,4,5/29/2009 0:00
9405,79,4,8,1,3/21/2009 8:00
9406,79,4,8,2,5/20/2009 8:00
9407,79,4,13,3,7/2/2009 0:00
9408,79,4,13,4,7/2/2009 0:00
9409,79,4,1,1,5/20/2009 8:00
9410,79,4,1,2,6/4/2009 8:00
9411,79,4,1,3,7/2/2009 0:00
9412,79,4,1,4,7/31/2009 0:00
9413,79,4,7,1,6/4/2009 8:00
9414,79,4,7,2,6/19/2009 8:00
9415,79,4,7,3,7/31/2009 0:00
9416,79,4,7,4,8/7/2009 0:00
9417,79,4,10,1,6/19/2009 8:00
9418,79,4,10,2,7/28/2009 0:00
9419,79,4,2,1,7/28/2009 0:00
9420,79,4,2,2,8/3/2009 0:00
9421,79,4,2,4,8/5/2009 0:00
9422,79,4,4,1,8/3/2009 8:00
9423,79,4,4,2,8/3/2009 8:00
9424,79,4,4,3,8/7/2009 0:00
9425,79,4,4,4,8/31/2009 0:00
9426,82,2,17,1,3/12/2008 0:00
9427,82,2,17,2,5/1/2008 0:00
9428,82,2,16,1,5/1/2008 0:00
9429,82,2,16,2,5/1/2008 0:00
9430,82,2,1,1,5/1/2008 0:00
9431,82,2,1,2,5/31/2008 0:00
9432,82,2,1,3,5/23/2008 0:00
9433,82,2,1,4,6/5/2008 0:00
9434,82,2,7,1,6/1/2008 0:00
9435,82,2,7,2,7/9/2008 0:00
9436,82,2,7,3,6/12/2008 0:00
9437,82,2,7,4,7/8/2008 0:00
9438,82,2,3,1,7/10/2008 0:00
9439,82,2,3,2,7/10/2008 0:00
9440,82,2,3,3,7/8/2008 0:00
9441,82,2,3,4,7/10/2008 0:00
9442,82,2,4,1,7/10/2008 0:00
9443,82,2,4,2,7/16/2008 0:00
9444,82,2,4,3,7/10/2008 0:00
9445,82,2,4,4,7/16/2008 0:00
9446,82,3,11,1,7/16/2008 0:00
9447,82,3,11,2,8/15/2008 0:00
9448,82,3,11,3,7/16/2008 0:00
9449,82,3,11,4,8/15/2008 0:00
9450,82,3,17,1,7/16/2008 0:00
9451,82,3,17,2,12/10/2008 0:00
9452,82,3,17,3,7/16/2008 0:00
9453,82,3,17,4,12/10/2008 0:00
9454,82,3,15,1,12/10/2008 0:00
9455,82,3,15,2,12/10/2008 0:00
9456,82,3,1,1,12/10/2008 0:00
9457,82,3,1,2,12/19/2008 0:00
9458,82,3,1,3,12/11/2008 0:00
9459,82,3,1,4,12/19/2008 0:00
9460,82,3,7,1,12/29/2008 0:00
9461,82,3,7,2,1/14/2009 0:00
9462,82,3,7,3,12/29/2008 0:00
9463,82,3,7,4,1/26/2009 0:00
9464,82,3,2,1,1/14/2009 0:00
9465,82,3,2,2,2/20/2009 0:00
9466,82,3,2,3,3/10/2009 0:00
9467,82,3,2,4,3/10/2009 0:00
9468,82,3,4,1,2/20/2009 0:00
9469,82,3,4,2,3/6/2009 0:00
9470,82,3,4,3,3/23/2009 0:00
9471,82,3,4,4,3/23/2009 0:00
9472,82,3,9,1,3/11/2009 0:00
9473,82,3,9,2,3/11/2009 0:00
9474,82,4,8,1,3/6/2009 0:00
9475,82,4,8,2,5/20/2009 0:00
9476,82,4,17,1,3/11/2009 0:00
9477,82,4,17,2,6/14/2008 0:00
9478,82,4,13,1,6/14/2008 0:00
9479,82,4,13,2,6/14/2008 0:00
9480,82,4,1,1,6/14/2008 0:00
9481,82,4,1,2,6/20/2008 0:00
9482,82,4,1,3,6/17/2009 0:00
9483,82,4,1,4,7/2/2009 0:00
9484,82,4,7,1,6/20/2008 0:00
9485,82,4,7,2,7/5/2009 0:00
9486,82,4,7,3,7/7/2009 0:00
9487,82,4,7,4,7/8/2009 0:00
9488,82,4,10,1,6/28/2009 0:00
9489,82,4,10,2,7/5/2009 0:00
9490,82,4,2,1,7/5/2009 0:00
9491,82,4,2,2,7/10/2009 0:00
9492,82,4,2,3,7/8/2009 0:00
9493,82,4,2,4,7/8/2009 0:00
9494,82,4,4,1,7/10/2009 0:00
9495,82,4,4,2,7/24/2009 0:00
9496,82,4,4,3,7/10/2009 0:00
9497,82,4,4,4,7/22/2009 0:00
9498,80,1,1,3,4/3/2006 0:00
9499,80,1,1,4,4/21/2006 0:00
9500,80,1,7,3,4/24/2006 0:00
9501,80,1,7,4,5/24/2006 0:00
9502,80,1,3,3,5/24/2006 0:00
9503,80,1,3,4,5/24/2006 0:00
9504,80,1,4,3,5/26/2006 0:00
9505,80,1,4,4,5/31/2006 0:00
9506,80,1,6,3,6/15/2006 0:00
9507,80,1,6,4,6/15/2006 0:00
9508,80,2,5,3,5/31/2006 0:00
9509,80,2,5,4,6/30/2006 0:00
9510,80,2,16,1,7/1/2007 0:00
9511,80,2,16,2,7/1/2007 0:00
9512,80,2,1,1,7/1/2007 0:00
9513,80,2,1,2,8/12/2007 0:00
9514,80,2,1,3,7/29/2008 0:00
9515,80,2,1,4,10/20/2008 0:00
9516,80,2,7,1,8/19/2007 0:00
9517,80,2,7,2,10/14/2007 0:00
9518,80,2,7,3,10/30/2008 0:00
9519,80,2,7,4,12/31/2008 0:00
9520,80,2,3,1,10/14/2007 0:00
9521,80,2,3,2,11/12/2007 0:00
9522,80,2,3,3,2/21/2008 0:00
9523,80,2,3,4,2/21/2008 0:00
9524,80,2,4,1,11/12/2007 0:00
9525,80,2,4,2,11/15/2007 0:00
9526,80,2,4,3,3/13/2008 0:00
9527,80,2,4,4,3/13/2008 0:00
9528,80,2,12,3,3/10/2008 0:00
9529,80,2,12,4,3/11/2008 0:00
9530,80,3,11,1,11/15/2007 0:00
9531,80,3,11,2,1/15/2008 0:00
9532,80,3,17,1,11/15/2007 0:00
9533,80,3,17,2,5/29/2008 0:00
9534,80,3,15,1,5/29/2008 0:00
9535,80,3,15,2,5/28/2009 0:00
9536,80,3,1,1,5/29/2008 0:00
9537,80,3,1,2,6/20/2008 0:00
9538,80,3,1,3,7/29/2008 0:00
9539,80,3,1,4,10/20/2008 0:00
9540,80,3,7,1,6/27/2008 0:00
9541,80,3,7,2,7/23/2008 0:00
9542,80,3,7,3,10/30/2008 0:00
9543,80,3,7,4,12/31/2008 0:00
9544,80,3,10,1,7/24/2008 0:00
9545,80,3,10,2,10/15/2008 0:00
9546,80,3,2,1,7/24/2008 0:00
9547,80,3,2,2,8/20/2008 0:00
9548,80,3,2,3,1/12/2009 0:00
9549,80,3,2,4,3/23/2009 0:00
9550,80,3,4,1,10/16/2008 0:00
9551,80,3,4,2,10/22/2008 0:00
9552,80,3,4,3,3/23/2008 0:00
9553,80,3,4,4,4/13/2009 0:00
9554,80,3,9,3,2/3/2009 0:00
9555,80,3,9,4,2/3/2009 0:00
9556,80,4,8,1,10/22/2008 0:00
9557,80,4,8,2,1/4/2009 0:00
9558,80,4,17,1,10/22/2008 0:00
9559,80,4,17,2,2/3/2009 0:00
9560,80,4,13,1,2/3/2009 0:00
9561,80,4,13,2,3/2/2009 0:00
9562,80,4,1,1,2/3/2009 0:00
9563,80,4,1,2,3/2/2009 0:00
9564,80,4,7,1,3/10/2009 0:00
9565,80,4,7,2,3/30/2009 0:00
9566,80,4,10,1,3/31/2009 0:00
9567,80,4,10,2,6/22/2009 0:00
9568,80,4,2,1,3/31/2009 0:00
9569,80,4,2,2,4/27/2009 0:00
9570,80,4,2,3,6/29/2009 0:00
9571,80,4,2,4,6/29/2009 0:00
9572,80,4,4,1,6/23/2009 0:00
9573,80,4,4,2,6/29/2009 0:00
9574,80,4,4,3,6/29/2009 0:00
9575,80,4,4,4,7/14/2009 0:00
9576,77,4,7,3,4/24/2009 0:00
9577,77,4,7,4,6/17/2009 0:00
9578,77,4,2,3,6/17/2009 0:00
9579,77,4,2,4,6/29/2009 0:00
9580,77,4,4,3,6/29/2009 0:00
9581,77,4,4,4,7/6/2009 0:00
9582,41,3,4,6,5/13/2012 12:00
9583,41,4,4,6,1/1/2013 0:00
9584,31,3,4,6,5/15/2011 12:00
9585,31,4,4,6,1/3/2012 0:00
9586,33,3,4,6,10/10/2011 12:00
9587,33,4,4,6,5/30/2012 0:00
9588,35,3,4,6,11/9/2011 12:00
9589,35,4,4,6,6/29/2012 0:00
9590,44,3,4,6,7/11/2012 12:00
9591,44,4,4,6,3/1/2013 0:00
9592,28,3,4,6,4/12/2011 12:00
9593,28,4,4,6,12/1/2011 0:00
9594,47,3,4,6,10/13/2012 12:00
9595,47,4,4,6,6/3/2013 0:00
9596,46,3,4,6,10/13/2012 12:00
9597,46,4,4,6,6/3/2013 0:00
9598,49,3,4,6,2/12/2013 12:00
9599,49,4,4,6,10/3/2013 0:00
9600,48,3,4,6,2/12/2013 12:00
9601,48,4,4,6,10/3/2013 0:00
9602,52,3,4,6,6/15/2013 12:00
9603,52,4,4,6,2/3/2014 0:00
9604,54,3,4,6,8/13/2013 12:00
9605,54,4,4,6,4/3/2014 0:00
9606,55,3,4,6,2/11/2014 12:00
9607,55,4,4,6,10/2/2014 0:00
9608,57,3,4,6,4/15/2014 12:00
9609,57,4,4,6,12/4/2014 0:00
9610,58,3,4,6,4/30/2014 12:00
9611,58,4,4,6,12/19/2014 0:00
9612,59,3,4,6,4/30/2014 12:00
9613,59,4,4,6,12/19/2014 0:00
9614,60,3,4,6,4/30/2014 12:00
9615,60,4,4,6,12/19/2014 0:00
9616,66,3,4,6,5/13/2016 12:00
9617,66,4,4,6,1/1/2017 0:00
9618,67,1,17,5,9/28/2013 0:00
9619,67,1,4,6,12/30/2013 0:00
9620,67,2,4,6,6/23/2015 0:00
9621,67,3,4,6,5/13/2016 12:00
9622,67,4,4,6,1/1/2017 0:00
9623,34,3,4,6,10/11/2011 12:00
9624,34,4,4,6,5/31/2012 0:00
9625,32,3,4,6,7/11/2011 12:00
9626,32,4,4,6,2/29/2012 0:00
9627,42,3,4,6,5/13/2012 12:00
9628,42,4,4,6,1/1/2013 0:00
9629,56,3,4,6,2/15/2014 12:00
9630,56,4,4,6,10/6/2014 0:00
9631,45,3,4,6,8/13/2012 12:00
9632,45,4,4,6,4/3/2013 0:00
9633,51,3,4,6,5/14/2013 12:00
9634,51,4,4,6,1/2/2014 0:00
9635,38,3,4,6,2/8/2012 12:00
9636,38,4,4,6,9/28/2012 0:00
9637,53,3,4,6,7/11/2013 12:00
9638,53,4,4,6,3/1/2014 0:00
9639,62,1,17,5,9/28/2011 0:00
9640,62,1,4,6,12/30/2011 0:00
9641,62,2,4,6,6/22/2013 0:00
9642,62,3,4,6,5/13/2014 12:00
9643,62,4,4,6,1/1/2015 0:00
9644,61,1,17,5,9/28/2011 0:00
9645,61,1,4,6,12/30/2011 0:00
9646,61,2,4,6,6/22/2013 0:00
9647,61,3,4,6,5/13/2014 12:00
9648,61,4,4,6,1/1/2015 0:00
9649,69,1,17,5,7/22/2012 12:00
9650,69,1,4,6,10/20/2012 12:00
9651,69,2,4,6,5/1/2014 12:00
9652,69,3,4,6,3/23/2015 0:00
9653,69,4,4,6,3/23/2017 0:00
9654,63,1,17,5,3/19/2012 12:00
9655,63,1,4,6,6/17/2012 12:00
9656,63,2,4,6,12/27/2013 12:00
9657,63,3,4,6,11/18/2014 0:00
9658,63,4,4,6,7/1/2015 0:00
9659,70,1,17,5,7/22/2012 12:00
9660,70,1,4,6,10/20/2012 12:00
9661,70,2,4,6,5/1/2014 12:00
9662,70,3,4,6,3/23/2015 0:00
9663,70,4,4,6,3/23/2017 0:00
9664,73,1,17,5,10/29/2012 12:00
9665,73,1,4,6,1/27/2013 12:00
9666,73,2,4,6,8/8/2014 12:00
9667,73,3,4,6,6/30/2015 0:00
9668,73,4,4,6,6/30/2017 0:00
9669,65,1,17,5,7/22/2012 12:00
9670,65,1,4,6,10/20/2012 12:00
9671,65,2,4,6,5/1/2014 12:00
9672,65,3,4,6,3/23/2015 0:00
9673,65,4,4,6,1/1/2017 0:00
9674,76,1,17,5,9/20/2018 12:00
9675,76,1,4,6,12/19/2018 12:00
9676,76,2,4,6,6/29/2020 12:00
9677,76,3,4,6,5/21/2021 0:00
9678,76,4,4,6,1/1/2022 0:00
9679,71,1,17,5,7/22/2012 12:00
9680,71,1,4,6,10/20/2012 12:00
9681,71,2,4,6,5/1/2014 12:00
9682,71,3,4,6,3/23/2015 0:00
9683,71,4,4,6,3/23/2017 0:00
9684,75,1,17,5,9/19/2016 12:00
9685,75,1,4,6,12/18/2016 12:00
9686,75,2,4,6,6/29/2018 12:00
9687,75,3,4,6,5/21/2019 0:00
9688,75,4,4,6,1/1/2020 0:00
9689,72,1,17,5,8/7/2012 12:00
9690,72,1,4,6,11/5/2012 12:00
9691,72,2,4,6,5/17/2014 12:00
9692,72,3,4,6,4/8/2015 0:00
9693,72,4,4,6,4/8/2017 0:00
9694,74,1,17,5,9/20/2015 12:00
9695,74,1,4,6,12/19/2015 12:00
9696,74,2,4,6,6/29/2017 12:00
9697,74,3,4,6,5/21/2018 0:00
9698,74,4,4,6,1/1/2019 0:00
9699,68,1,17,5,9/28/2013 0:00
9700,68,1,4,6,12/30/2013 0:00
9701,68,2,4,6,6/23/2015 0:00
9702,68,3,4,6,5/13/2016 12:00
9703,68,4,4,6,1/1/2017 0:00
